SKU,DESCRIPTION,DEPT,LOC 1,LOC 2,QOH,AVG COST,RETAIL,UNITS SOLD 12MO,YTD SALES $,YTD GP$,DATE LAST PHYSICAL,DATE LAST SALE,DATE LAST RECEIPT
2578030,FLASHLIGHT 400LM A,40,BW23,,42,$19.36,$29.04,106,$2831.98,$779.82,06/21/2026,07/08/2026,12/31/2025
5242684,BALL VALVE 1/2IN B,3,BW23,,2,$11.33,$15.72,0,$0.00,$0.00,07/05/2026,11/02/2024,08/24/2025
2676083,FAUCET REPAIR KIT C,24,BW23,,0,$2.89,$4.87,72,$322.59,$114.51,06/22/2026,03/03/2026,03/28/2026
8538356,CANDY BAR KING A,11,BW22,,33,$27.99,$53.37,10,$491.00,$211.10,07/11/2026,06/16/2026,04/08/2026
5162530,TRASH BAGS 33GAL B,65,BW22,,0,$29.03,$55.47,33,$1684.07,$726.08,08/09/2026,05/07/2026,11/26/2025
6560521,CHARCOAL 16LB C,78,BW22,,29,$13.52,$24.17,35,$778.27,$305.07,06/13/2026,02/09/2026,02/08/2026
2427158,DRYWALL ANCHORS 50CT A,56,BW21,,44,$4.55,$7.44,99,$677.64,$227.19,07/09/2026,07/22/2026,10/22/2025
7909617,BIRD SEED 20LB B,29,BW21,,31,$35.57,$54.99,95,$4806.13,$1426.98,07/28/2026,07/10/2026,11/08/2025
3331936,TRASH BAGS 33GAL C,22,BW21,,29,$20.02,$29.24,5,$134.50,$34.40,,04/06/2026,08/08/2025
6489094,CHARCOAL 16LB D,32,BW21,,9,$22.82,$34.81,47,$1505.18,$432.64,08/08/2026,01/25/2026,12/12/2025
6559889,SUMP PUMP 1/3HP A,25,BW20,,16,$12.57,$19.39,80,$1427.10,$421.50,07/22/2026,04/11/2026,12/23/2025
7941042,CHARCOAL 16LB B,42,BW20,,35,$36.58,$67.20,0,$0.00,$0.00,07/22/2026,09/02/2024,05/13/2026
1428357,KEY BLANK KW1 A,6,BW19,,27,$39.39,$64.80,103,$6140.45,$2083.28,07/14/2026,04/10/2026,09/06/2025
6447910,CHARCOAL 16LB B,28,BW19,,41,$34.24,$58.54,42,$2261.99,$823.91,07/11/2026,03/12/2026,06/21/2025
4729981,CHIPS GRAB BAG C,56,BW19,,0,$4.23,$7.35,87,$588.29,$220.28,07/04/2026,02/24/2026,06/05/2026
4548350,WD-40 11OZ D,37,BW19,,35,$31.92,$58.12,23,$1229.82,$495.66,07/25/2026,08/02/2026,04/08/2026
8545921,INTERIOR LATEX GAL A,6,BW18,,27,$26.20,$42.24,16,$621.77,$202.57,07/21/2026,07/13/2026,01/10/2026
6289604,CHIPS GRAB BAG B,63,BW18,,12,$28.37,$47.90,11,$484.75,$172.68,07/16/2026,07/23/2026,08/31/2025
3702697,EXTERIOR SEMI-GLOSS GAL A,23,BW17,,33,$27.02,$45.57,118,$4947.08,$1758.72,07/10/2026,07/27/2026,06/29/2026
4952228,LIVE BAIT NIGHTCRAWLERS B,59,BW17,,42,$37.47,$65.98,68,$4127.71,$1579.75,07/09/2026,02/04/2026,07/07/2025
3535668,BIRD SEED 20LB C,69,BW17,,15,$25.59,$44.80,104,$4286.46,$1625.10,07/01/2026,04/24/2026,07/01/2025
6906396,ZIP TIES 100CT A,56,BW16,,14,$38.49,$63.20,33,$1918.75,$648.58,07/10/2026,04/10/2026,08/12/2025
5142927,SUPER GLUE 4G B,4,BW16,,43,$27.29,$43.74,53,$2132.76,$686.39,06/21/2026,04/25/2026,01/23/2026
8271571,PADLOCK 40MM A,70,BW15,,2,$11.46,$20.28,32,$597.04,$230.32,08/02/2026,02/27/2026,08/24/2025
8348918,MOUSE TRAP 2PK A,10,BW14,,25,$19.97,$34.05,13,$407.24,$147.63,07/04/2026,05/07/2026,04/14/2026
4007037,FLASHLIGHT 400LM B,16,BW14,,41,$14.25,$24.79,3,$68.42,$25.67,08/08/2026,06/24/2026,05/04/2026
2652491,SCREWDRIVER SET 6PC A,61,BW13,,24,$38.10,$55.45,17,$867.24,$219.54,08/01/2026,03/10/2026,02/09/2026
1376529,LEVEL 24IN B,26,BW13,,26,$30.03,$41.44,115,$4384.35,$930.90,08/02/2026,04/13/2026,12/19/2025
2693295,HEX BOLTS 1/4IN C,37,BW13,,25,$8.25,$15.36,10,$141.31,$58.81,06/26/2026,02/20/2026,01/30/2026
3017484,CHARCOAL 16LB D,39,BW13,,17,$8.90,$14.78,92,$1250.98,$432.18,07/05/2026,03/30/2026,06/03/2026
5693386,LIVE BAIT NIGHTCRAWLERS A,43,BW12,,4,$36.13,$65.32,79,$4747.46,$1893.19,07/19/2026,06/22/2026,01/10/2026
3232121,BATTERIES AA 16PK A,49,BW11,,0,$27.91,$40.75,44,$1649.56,$421.52,07/13/2026,04/18/2026,08/01/2026
7664978,DUCT TAPE SILVER B,38,BW11,,37,$5.63,$10.02,0,$0.00,$0.00,07/14/2026,09/07/2024,01/14/2026
8659420,WATER 1L A,64,BW10,,41,$26.87,$52.14,118,$5660.32,$2489.66,08/06/2026,05/06/2026,10/28/2025
3004278,SODA 20OZ A,13,BW09,,16,$33.76,$54.77,0,$0.00,$0.00,06/13/2026,10/21/2024,08/09/2025
8002253,INTERIOR LATEX GAL A,20,BW08,,47,$16.90,$30.85,89,$2526.00,$1021.90,08/07/2026,06/25/2026,11/22/2025
6152799,DUCT TAPE SILVER B,63,BW08,,23,$21.59,$42.05,20,$773.72,$341.92,06/18/2026,05/27/2026,08/22/2025
7172582,ZIP TIES 100CT A,1,BW07,,33,$28.58,$48.30,66,$2932.78,$1046.50,06/22/2026,04/16/2026,05/29/2026
3765546,MULCH CEDAR 2CF B,16,BW07,,0,$30.03,$51.96,0,$0.00,$0.00,08/04/2026,08/11/2026,07/24/2026
6860971,HEX BOLTS 1/4IN A,22,BW06,,29,$16.97,$28.92,23,$611.95,$221.64,08/07/2026,04/16/2026,08/18/2025
2866396,TAPE MEASURE 25FT B,12,BW06,,43,$28.00,$43.57,110,$4409.28,$1329.28,06/16/2026,04/14/2026,03/20/2026
5099767,CANDY BAR KING C,31,BW06,,48,$10.69,$20.61,27,$511.95,$223.32,06/14/2026,01/28/2026,07/30/2026
5698550,CLAW HAMMER 16OZ A,67,BW05,,9,$23.19,$43.83,79,$3185.56,$1353.55,06/16/2026,06/09/2026,01/07/2026
6192376,EXTERIOR SEMI-GLOSS GAL A,22,BW04,,1,$28.66,$45.26,39,$1623.93,$506.19,07/14/2026,04/01/2026,11/20/2025
1674421,GRILL COVER 58IN B,16,BW04,,30,$14.19,$22.14,74,$1507.29,$457.23,07/14/2026,07/15/2026,10/17/2025
5586569,FINISH NAILS 4D A,14,BW03,,37,$37.66,$60.00,45,$2484.00,$789.30,06/21/2026,05/10/2026,05/27/2026
2801718,CABINET PULL SATIN B,72,BW03,,26,$27.29,$45.43,108,$4513.92,$1566.60,06/21/2026,04/27/2026,01/02/2026
6830746,PROPANE EXCHANGE A,45,BW02,,42,$35.35,$52.78,71,$3447.59,$937.74,07/09/2026,06/08/2026,03/06/2026
4032579,UTILITY KNIFE B,78,BW02,,0,$5.63,$8.75,92,$740.60,$222.64,06/13/2026,05/18/2026,07/21/2026
5600839,PAINTERS TAPE 1.88IN A,6,BW01,,41,$15.66,$22.25,114,$2333.58,$548.34,07/20/2026,06/14/2026,12/07/2025
4204498,WEED KILLER CONC B,2,BW01,,21,$1.70,$2.70,6,$14.90,$4.70,06/20/2026,02/24/2026,05/08/2026
7582222,TRASH BAGS 33GAL C,17,BW01,,47,$34.21,$64.40,29,$1718.19,$726.10,06/26/2026,07/18/2026,05/20/2026
7349157,SANDPAPER ASST 220 A,2,13L09,,-6,$27.15,$46.96,10,$432.03,$160.53,04/21/2024,06/27/2026,06/12/2026
3696776,PAINTERS TAPE 1.88IN A,75,13L08,,27,$8.92,$12.22,98,$1101.76,$227.60,12/14/2024,07/27/2026,04/15/2026
8060086,DUCT TAPE SILVER B,54,13L08,,27,$24.36,$42.50,0,$0.00,$0.00,07/16/2024,01/04/2025,04/12/2026
4242481,SCREWDRIVER SET 6PC C,28,13L08,,10,$9.92,$17.00,73,$1141.72,$417.56,02/19/2025,06/28/2026,02/12/2026
6225192,HEX BOLTS 1/4IN D,32,13L08,,42,$19.88,$36.12,0,$0.00,$0.00,08/13/2024,08/07/2024,11/10/2025
3842584,POTTING MIX 25QT A,75,13L07,,42,$11.48,$18.89,96,$1668.36,$566.28,04/12/2024,02/08/2026,07/27/2025
1716258,WIRE NUTS 25CT A,58,13L06,EC02,10,$2.04,$3.62,18,$59.95,$23.23,08/02/2024,06/13/2026,04/18/2026
3389837,DUCT TAPE SILVER A,33,13L05,,36,$26.93,$44.13,44,$1786.38,$601.46,04/11/2025,04/15/2026,04/04/2026
4108722,DUCT TAPE SILVER B,67,13L05,,27,$39.54,$74.03,109,$7423.73,$3113.87,05/08/2025,06/02/2026,05/21/2026
7865519,GRILL COVER 58IN C,64,13L05,,12,$7.64,$12.07,117,$1299.21,$405.33,09/29/2025,08/08/2026,06/15/2026
8140742,SANDPAPER ASST 220 A,63,13L04,,24,$10.76,$18.50,0,$0.00,$0.00,03/24/2025,06/25/2025,10/11/2025
7712620,FAUCET REPAIR KIT B,31,13L04,,5,$35.14,$62.59,101,$5815.86,$2266.72,10/13/2024,02/10/2026,02/19/2026
3289159,DECK STAIN GAL A,23,13L03,,47,$23.09,$38.53,23,$815.29,$284.22,02/24/2025,04/27/2026,07/20/2026
5615643,ANT BAIT 6CT B,36,13L03,,48,$26.01,$41.15,0,$0.00,$0.00,09/21/2024,02/05/2025,05/13/2026
7988685,SMOKE ALARM C,8,13L03,,33,$32.58,$56.06,16,$825.20,$303.92,03/31/2025,05/08/2026,01/16/2026
8831842,UTILITY KNIFE A,14,13L01,,12,$25.12,$42.36,0,$0.00,$0.00,05/17/2025,10/17/2024,07/09/2026
6841578,LED BULB 60W 4PK B,58,13L01,,12,$32.43,$52.78,15,$728.36,$241.91,,03/07/2026,01/02/2026
8749974,OUTLET DUPLEX 15A C,57,13L01,,10,$3.22,$5.33,75,$367.77,$126.27,01/03/2025,02/10/2026,10/19/2025
7873148,JERKY ORIGINAL A,47,01R09,,37,$30.15,$55.39,0,$0.00,$0.00,06/24/2026,02/07/2025,01/05/2026
2517436,LED BULB 60W 4PK B,74,01R09,EC11,11,$27.35,$40.55,94,$3506.76,$935.86,07/19/2026,08/03/2026,03/07/2026
6563267,LIVE BAIT NIGHTCRAWLERS C,57,01R09,,9,$23.60,$44.58,84,$3445.14,$1462.74,07/21/2026,02/13/2026,10/02/2025
2585651,TRASH BAGS 33GAL D,40,01R09,,40,$14.07,$26.66,114,$2796.10,$1192.12,07/25/2026,06/27/2026,07/04/2025
2943406,BRUSH SET 3PC A,74,01R08,EC10,31,$35.06,$51.54,0,$0.00,$0.00,06/22/2026,07/06/2025,11/24/2025
8158711,CLAW HAMMER 16OZ B,40,01R08,,34,$19.37,$31.74,117,$3416.49,$1150.20,07/18/2026,06/06/2026,01/09/2026
1562133,UTILITY KNIFE C,39,01R08,,11,$19.69,$31.35,41,$1182.52,$375.23,08/03/2026,04/24/2026,06/27/2025
8336428,SANDPAPER ASST 220 D,16,01R08,,43,$25.52,$40.83,0,$0.00,$0.00,08/02/2026,02/17/2025,05/06/2026
3697959,HEX BOLTS 1/4IN A,19,01R07,,24,$9.76,$15.35,55,$776.71,$239.91,07/11/2026,06/04/2026,11/07/2025
7612708,DRYWALL ANCHORS 50CT B,18,01R07,,32,$18.78,$26.35,68,$1648.46,$371.42,07/22/2026,03/08/2026,07/21/2026
7408958,CANDY BAR KING C,51,01R07,,19,$10.20,$17.98,112,$1852.66,$710.26,07/17/2026,04/19/2026,01/14/2026
6869265,JERKY ORIGINAL A,1,01R06,,30,$35.06,$53.95,50,$2481.70,$728.70,08/02/2026,03/22/2026,01/18/2026
3652981,POTTING MIX 25QT A,38,01R05,,42,$24.53,$33.94,113,$3528.40,$756.51,07/27/2026,08/01/2026,02/11/2026
6914436,SODA 20OZ B,23,01R05,,11,$31.23,$52.53,72,$3479.59,$1231.03,06/28/2026,06/09/2026,05/24/2026
6913462,PELLETS HICKORY 20LB C,76,01R05,,0,$12.14,$19.96,0,$0.00,$0.00,08/06/2026,05/13/2024,07/12/2026
2680696,TRASH BAGS 33GAL A,32,01R04,,4,$2.24,$3.28,88,$265.55,$68.43,07/19/2026,01/26/2026,12/11/2025
4366282,JERKY ORIGINAL B,33,01R04,,0,$4.86,$9.38,70,$604.07,$263.87,08/03/2026,05/15/2026,07/10/2025
4040059,WD-40 11OZ A,74,01R03,,14,$28.23,$41.72,22,$844.41,$223.35,07/02/2026,02/10/2026,07/13/2025
5109772,DECK STAIN GAL A,3,01R02,,37,$18.60,$25.60,18,$423.94,$89.14,07/20/2026,05/24/2026,03/10/2026
2517873,BUG SPRAY DEET 6OZ A,36,01R01,,39,$17.72,$29.36,117,$3160.31,$1087.07,06/28/2026,04/03/2026,10/07/2025
8961974,CLAW HAMMER 16OZ B,76,01R01,,35,$22.79,$32.12,19,$561.46,$128.45,06/19/2026,04/20/2026,07/06/2025
8412657,BRUSH SET 3PC C,34,01R01,,6,$39.56,$56.62,56,$2917.06,$701.70,07/23/2026,05/13/2026,04/25/2026
5062184,MOUSE TRAP 2PK D,21,01R01,,3,$12.51,$17.77,111,$1814.67,$426.06,07/02/2026,05/22/2026,10/02/2025
8638766,EXTERIOR SEMI-GLOSS GAL A,60,13R07,,42,$22.02,$32.73,0,$0.00,$0.00,07/28/2024,02/06/2024,07/15/2025
8733835,BALL VALVE 1/2IN B,21,13R07,,18,$5.97,$8.73,0,$0.00,$0.00,05/01/2025,03/31/2025,04/18/2026
1706896,BRUSH SET 3PC A,78,13R06,,25,$6.88,$12.56,79,$912.86,$369.34,06/29/2025,04/28/2026,10/22/2025
5978160,POTTING MIX 25QT B,47,13R06,,16,$12.78,$22.59,55,$1143.05,$440.15,03/20/2025,07/09/2026,03/30/2026
2507517,CLAW HAMMER 16OZ A,1,13R05,,30,$31.08,$53.06,0,$0.00,$0.00,10/23/2025,10/28/2024,10/23/2025
2235849,CANDY BAR KING B,52,13R05,,-6,$34.40,$50.63,8,$372.64,$97.44,08/27/2025,02/21/2026,01/06/2026
5012868,ANT BAIT 6CT C,72,13R05,,-6,$14.56,$22.28,0,$0.00,$0.00,04/10/2025,02/20/2024,07/30/2025
5919049,CHIPS GRAB BAG A,41,13R04,EC03,27,$12.33,$17.35,101,$1612.16,$366.83,03/09/2024,06/25/2026,09/04/2025
1225082,DRYWALL ANCHORS 50CT A,9,13R03,,22,$6.48,$10.11,98,$911.52,$276.48,09/21/2024,04/06/2026,05/29/2026
4752790,BIRD SEED 20LB B,6,13R03,,27,$39.51,$69.23,83,$5286.40,$2007.07,10/09/2025,06/24/2026,04/25/2026
1544884,PROPANE EXCHANGE C,65,13R03,,3,$22.46,$39.33,0,$0.00,$0.00,03/26/2024,07/01/2025,07/21/2025
6313797,FURNACE FILTER 16X25 A,13,13R02,,2,$11.90,$21.86,29,$583.22,$238.12,03/30/2024,03/28/2026,10/13/2025
3562703,OUTLET DUPLEX 15A B,49,13R02,,2,$8.47,$14.68,108,$1458.60,$543.84,12/28/2024,03/13/2026,04/28/2026
5816875,SMOKE ALARM A,52,13R01,,9,$30.12,$48.69,0,$0.00,$0.00,12/09/2024,05/17/2025,05/20/2026
6792335,PROPANE EXCHANGE A,37,12L07,,18,$24.37,$37.55,7,$241.82,$71.23,10/20/2024,07/16/2026,09/12/2025
5371138,CANDY BAR KING B,36,12L07,,43,$36.23,$49.72,48,$2195.64,$456.60,10/28/2024,04/25/2026,07/18/2025
5941572,SMOKE ALARM C,73,12L07,,26,$8.23,$14.64,0,$0.00,$0.00,12/23/2024,03/02/2024,04/15/2026
6312219,WEATHERSTRIP 17FT A,65,12L06,,13,$2.60,$4.40,0,$0.00,$0.00,03/24/2025,05/27/2024,09/10/2025
4972624,FURNACE FILTER 16X25 B,9,12L06,,19,$29.29,$40.41,91,$3383.13,$717.74,09/02/2024,05/26/2026,04/18/2026
2365270,PVC ELBOW 3/4IN A,16,12L05,,35,$26.11,$35.53,116,$3791.76,$763.00,04/04/2024,06/20/2026,09/02/2025
6366651,PADLOCK 40MM B,15,12L05,,43,$37.73,$59.57,0,$0.00,$0.00,05/24/2024,07/01/2025,08/01/2026
5205654,FURNACE FILTER 16X25 A,49,12L04,,20,$7.53,$13.51,99,$1230.49,$485.02,,04/23/2026,04/02/2026
6551573,BIRD SEED 20LB B,37,12L04,,12,$5.09,$9.62,0,$0.00,$0.00,11/26/2024,04/01/2025,06/17/2026
3219148,FURNACE FILTER 16X25 C,53,12L04,,24,$13.90,$22.86,0,$0.00,$0.00,05/14/2024,02/07/2024,07/10/2025
6338480,LEVEL 24IN D,12,12L04,,47,$13.71,$20.49,0,$0.00,$0.00,01/31/2025,06/25/2025,05/20/2026
1828904,ICE MELT 20LB A,10,12L03,,18,$20.25,$28.98,0,$0.00,$0.00,,06/11/2024,11/08/2025
3409481,TEFLON TAPE A,78,12L02,,44,$15.27,$22.28,21,$430.45,$109.78,11/18/2024,06/28/2026,05/06/2026
8232434,JERKY ORIGINAL B,18,12L02,,2,$26.11,$44.81,83,$3421.69,$1254.56,02/05/2025,03/28/2026,11/18/2025
2470433,KEY BLANK KW1 A,65,12L01,,34,$18.45,$27.16,0,$0.00,$0.00,05/16/2025,06/12/2025,06/26/2025
2000052,FURNACE FILTER 16X25 B,73,12L01,,5,$24.27,$40.94,2,$75.33,$26.79,01/11/2025,05/17/2026,06/04/2026
5967633,LEVEL 24IN C,19,12L01,,-4,$37.37,$71.82,0,$0.00,$0.00,06/12/2025,02/26/2025,09/20/2025
1821249,DECK STAIN GAL D,44,12L01,,0,$25.42,$36.52,0,$0.00,$0.00,10/29/2025,12/11/2024,09/30/2025
3543825,FURNACE FILTER 16X25 A,21,EC12,,10,$35.26,$64.56,47,$2791.57,$1134.35,01/23/2025,01/31/2026,06/28/2025
4078537,UTILITY KNIFE A,18,12R09,,-1,$1.93,$2.77,106,$270.13,$65.55,03/06/2024,04/26/2026,10/07/2025
5213377,HEX BOLTS 1/4IN B,55,12R09,,0,$25.57,$41.79,31,$1191.85,$399.18,10/28/2025,06/14/2026,09/05/2025
8443753,SMOKE ALARM A,47,12R08,,8,$30.73,$51.71,0,$0.00,$0.00,06/09/2024,05/29/2024,07/11/2026
2114329,SUMP PUMP 1/3HP B,73,12R08,,4,$27.47,$53.02,0,$0.00,$0.00,12/19/2024,04/12/2026,05/29/2026
8072803,SUPER GLUE 4G C,44,12R08,,0,$13.86,$20.25,0,$0.00,$0.00,03/14/2025,01/15/2024,03/04/2026
8782373,TRASH BAGS 33GAL D,66,12R08,,23,$16.53,$23.03,58,$1228.88,$270.14,04/10/2025,04/26/2026,08/08/2025
2532900,BALL VALVE 1/2IN A,77,12R07,,34,$19.09,$35.57,54,$1767.12,$736.26,08/10/2024,07/29/2026,04/23/2026
7850877,FAUCET REPAIR KIT B,48,12R07,,14,$9.03,$12.51,65,$748.10,$161.15,,03/28/2026,10/26/2025
1280424,FINISH NAILS 4D C,68,12R07,,2,$5.15,$7.66,0,$0.00,$0.00,01/14/2025,05/29/2025,11/18/2025
2092184,PAINTERS TAPE 1.88IN A,77,12R06,,42,$35.69,$53.10,0,$0.00,$0.00,09/10/2025,09/12/2024,02/13/2026
7341792,SODA 20OZ B,47,12R06,EC03,16,$21.91,$30.13,0,$0.00,$0.00,,08/21/2024,12/28/2025
2185721,TEFLON TAPE A,25,12R05,,10,$15.83,$26.07,77,$1846.80,$627.89,07/20/2025,04/19/2026,07/14/2026
5889679,ICE MELT 20LB B,47,12R05,,10,$23.69,$35.08,22,$710.02,$188.84,01/28/2025,03/09/2026,08/02/2025
4149207,BALL VALVE 1/2IN C,76,12R05,,22,$22.86,$38.30,0,$0.00,$0.00,09/07/2024,02/12/2024,08/12/2025
6690501,SUPER GLUE 4G D,73,12R05,,39,$12.21,$22.53,36,$746.19,$306.63,07/02/2024,07/28/2026,01/15/2026
7233786,BIRD SEED 20LB A,5,12R04,,5,$12.76,$22.54,78,$1617.47,$622.19,09/02/2024,07/02/2026,11/11/2025
6579692,PAINTERS TAPE 1.88IN B,68,12R04,,26,$14.59,$24.74,0,$0.00,$0.00,03/01/2024,05/25/2025,06/26/2026
1689258,WIRE NUTS 25CT C,6,12R04,,6,$33.12,$52.03,58,$2776.32,$855.36,04/27/2024,07/17/2026,12/18/2025
5085621,PVC ELBOW 3/4IN D,10,12R04,,34,$13.42,$20.16,39,$723.34,$199.96,11/01/2024,08/08/2026,09/08/2025
8108872,DECK STAIN GAL A,45,12R03,,0,$17.20,$31.39,0,$0.00,$0.00,10/19/2025,06/09/2025,02/22/2026
3963521,LEVEL 24IN B,55,12R03,,16,$24.21,$43.08,0,$0.00,$0.00,,02/11/2025,08/19/2025
8702446,SUPER GLUE 4G C,54,12R03,,2,$24.84,$47.89,6,$264.35,$115.31,03/02/2024,02/11/2026,11/23/2025
1800640,ANT BAIT 6CT D,60,12R03,,20,$11.16,$20.38,60,$1124.98,$455.38,05/05/2025,02/19/2026,01/18/2026
3260556,CLAW HAMMER 16OZ A,1,12R02,,24,$3.94,$7.63,0,$0.00,$0.00,04/20/2024,05/07/2025,03/21/2026
2432514,GRILL BRUSH 18IN B,42,12R02,,21,$17.58,$26.92,0,$0.00,$0.00,12/06/2024,07/08/2025,07/08/2026
1791380,EXT CORD 25FT C,65,12R02,,9,$15.67,$23.85,0,$0.00,$0.00,08/19/2025,02/10/2025,05/22/2026
6679018,FAUCET REPAIR KIT D,56,12R02,,29,$35.46,$49.17,0,$0.00,$0.00,01/12/2025,02/24/2025,12/07/2025
5796737,LIVE BAIT NIGHTCRAWLERS A,75,12R01,,26,$3.36,$5.16,104,$493.71,$144.27,05/01/2024,02/19/2026,04/09/2026
2849571,SUPER GLUE 4G A,63,11L09,,3,$29.77,$53.59,119,$5867.03,$2324.40,12/28/2024,02/25/2026,09/10/2025
6471146,WD-40 11OZ B,28,11L09,,0,$28.96,$46.11,0,$0.00,$0.00,08/19/2024,12/19/2024,01/21/2026
6185553,PAINTERS TAPE 1.88IN A,5,11L08,,36,$13.39,$21.57,98,$1944.75,$632.53,,06/24/2026,07/24/2025
5200577,TRASH BAGS 33GAL B,14,11L08,,15,$3.42,$5.99,29,$159.81,$60.63,08/22/2024,06/27/2026,07/02/2025
5573990,PELLETS HICKORY 20LB C,78,11L08,,26,$21.21,$30.99,9,$256.60,$65.71,08/18/2024,01/24/2026,08/07/2025
1063063,POTTING MIX 25QT A,55,11L07,,31,$7.49,$14.55,0,$0.00,$0.00,10/31/2024,12/21/2024,03/30/2026
5412903,SODA 20OZ A,70,11L06,,4,$22.43,$40.50,44,$1639.44,$652.52,03/22/2025,07/31/2026,07/25/2025
8972247,GRASS SEED 3LB B,21,11L06,,12,$9.98,$18.65,42,$720.64,$301.48,05/06/2025,04/18/2026,07/26/2025
5079714,ANT BAIT 6CT C,21,11L06,EC02,31,$24.82,$46.40,82,$3500.42,$1465.18,07/07/2025,06/14/2026,11/01/2025
4180833,DOOR HINGE 3.5IN D,41,11L06,,28,$37.93,$61.83,59,$3356.13,$1118.26,07/27/2024,08/06/2026,04/28/2026
3202265,WATER 1L A,16,11L05,,39,$4.19,$6.88,0,$0.00,$0.00,09/17/2025,10/02/2024,08/26/2025
1057300,DOOR HINGE 3.5IN B,39,11L05,,0,$4.85,$7.66,24,$169.13,$52.73,09/10/2024,02/25/2026,12/29/2025
8009439,FINISH NAILS 4D A,64,11L04,,2,$8.47,$14.74,0,$0.00,$0.00,07/14/2025,05/16/2024,02/17/2026
4872302,GRILL BRUSH 18IN B,18,11L04,,16,$30.30,$43.99,0,$0.00,$0.00,,07/22/2024,08/25/2025
6081495,HEX BOLTS 1/4IN C,26,11L04,,25,$6.62,$11.60,97,$1035.18,$393.04,07/15/2025,07/20/2026,03/21/2026
2565471,SUMP PUMP 1/3HP A,8,11L03,,12,$39.75,$71.94,0,$0.00,$0.00,06/09/2025,03/18/2024,05/13/2026
6157658,WOOD SCREWS #8 1LB B,70,11L03,,38,$36.95,$61.67,0,$0.00,$0.00,,01/24/2024,06/18/2026
1625982,FAUCET REPAIR KIT C,48,11L03,,34,$15.89,$23.03,103,$2182.32,$545.65,04/04/2025,07/28/2026,12/10/2025
7234953,SUPER GLUE 4G D,16,11L03,,0,$39.98,$71.60,0,$0.00,$0.00,,06/29/2025,09/08/2025
1803901,BUG SPRAY DEET 6OZ A,12,11L02,,33,$21.05,$37.47,63,$2171.76,$845.61,10/22/2024,02/03/2026,06/29/2025
5065094,TEFLON TAPE A,57,11L01,,-2,$3.57,$6.19,0,$0.00,$0.00,03/07/2025,05/20/2024,06/12/2026
3380954,WOOD SCREWS #8 1LB B,57,11L01,,27,$15.30,$27.11,77,$1920.47,$742.37,08/06/2024,03/29/2026,06/27/2025
8585478,BATTERIES AA 16PK C,49,11L01,,33,$20.72,$32.72,101,$3040.34,$947.62,01/27/2025,03/07/2026,06/27/2025
7872270,SUMP PUMP 1/3HP A,70,EC11,,16,$37.85,$61.00,0,$0.00,$0.00,12/01/2024,12/27/2024,04/24/2026
5708293,TEFLON TAPE B,65,EC11,,48,$18.16,$31.29,103,$2965.04,$1094.56,06/05/2025,06/01/2026,10/27/2025
4857438,TEFLON TAPE C,68,EC11,,14,$30.35,$43.11,0,$0.00,$0.00,,08/08/2024,02/12/2026
7174231,BRUSH SET 3PC A,20,11R09,,1,$34.80,$53.89,0,$0.00,$0.00,05/02/2025,11/18/2024,12/06/2025
5121411,DRYWALL ANCHORS 50CT A,59,11R08,,40,$24.49,$46.73,16,$687.87,$296.03,02/10/2025,04/08/2026,07/25/2025
3619583,KEY BLANK KW1 B,28,11R08,,18,$3.64,$6.06,61,$340.09,$118.05,03/21/2024,08/06/2026,11/27/2025
5530070,ANT BAIT 6CT C,63,11R08,,13,$32.19,$57.78,59,$3136.30,$1237.09,06/19/2024,03/05/2026,10/05/2025
4449113,BIRD SEED 20LB D,33,11R08,,20,$29.30,$45.52,46,$1926.41,$578.61,01/23/2025,06/20/2026,09/04/2025
7904515,CANDY BAR KING A,52,11R07,,-5,$14.55,$27.08,83,$2067.83,$860.18,03/23/2024,05/08/2026,10/21/2025
7452775,BIRD SEED 20LB A,2,11R06,,41,$38.13,$52.74,36,$1746.75,$374.07,,06/09/2026,04/09/2026
4386048,PELLETS HICKORY 20LB B,39,11R06,,13,$38.67,$56.34,79,$4094.79,$1039.86,,04/29/2026,10/27/2025
1348395,BALL VALVE 1/2IN A,58,11R05,,10,$19.11,$30.39,0,$0.00,$0.00,07/10/2025,05/01/2024,07/28/2026
2632315,GRILL COVER 58IN B,46,11R05,,45,$34.34,$63.53,0,$0.00,$0.00,03/14/2024,08/30/2024,07/26/2025
8842453,DRYWALL ANCHORS 50CT A,39,11R04,,41,$4.03,$6.56,111,$669.91,$222.58,02/24/2024,08/01/2026,04/11/2026
5670701,SUPER GLUE 4G B,29,11R04,,19,$16.29,$25.62,12,$282.84,$87.36,,06/17/2026,10/18/2025
4856679,GRILL BRUSH 18IN C,43,11R04,,39,$36.85,$52.71,29,$1406.30,$337.65,06/24/2025,04/28/2026,07/13/2025
3158057,SUPER GLUE 4G D,65,11R04,,37,$20.03,$33.44,73,$2245.83,$783.64,02/27/2025,06/09/2026,09/09/2025
4188912,UTILITY KNIFE A,32,11R03,,20,$14.33,$22.84,51,$1071.65,$340.82,05/31/2024,05/13/2026,09/28/2025
6774738,CHIPS GRAB BAG B,74,11R03,,0,$36.08,$54.04,0,$0.00,$0.00,07/08/2024,02/05/2025,05/17/2026
6144636,WD-40 11OZ C,39,11R03,,2,$7.14,$11.72,37,$398.95,$134.77,04/20/2025,07/26/2026,09/12/2025
7915872,TEFLON TAPE A,6,11R02,,42,$18.21,$35.18,0,$0.00,$0.00,03/24/2024,11/02/2024,07/17/2026
7392365,SANDPAPER ASST 220 B,2,11R02,,28,$15.50,$25.17,0,$0.00,$0.00,02/25/2024,07/19/2024,09/17/2025
2161204,TEFLON TAPE C,4,11R02,,12,$17.27,$28.46,64,$1675.72,$570.44,03/25/2025,06/04/2026,09/22/2025
1974111,CLAW HAMMER 16OZ A,35,11R01,,41,$30.24,$43.90,0,$0.00,$0.00,,06/07/2024,09/04/2025
8094416,PELLETS HICKORY 20LB A,18,10L09,,41,$10.15,$18.56,0,$0.00,$0.00,08/21/2024,08/22/2024,04/26/2026
5836763,WEED KILLER CONC B,26,10L09,,13,$25.01,$45.76,73,$3073.24,$1247.51,09/08/2024,06/02/2026,01/04/2026
1551777,TEFLON TAPE C,7,10L09,EC03,17,$1.88,$3.35,98,$302.04,$117.80,02/05/2025,05/01/2026,01/19/2026
8576984,POTTING MIX 25QT A,35,10L07,,19,$21.91,$41.02,85,$3207.76,$1345.41,02/02/2025,06/16/2026,07/12/2026
1202211,ZIP TIES 100CT B,67,10L07,,30,$37.72,$69.63,77,$4932.59,$2028.15,,06/14/2026,07/27/2026
8923013,BIRD SEED 20LB C,58,10L07,,11,$22.05,$40.20,0,$0.00,$0.00,08/11/2024,08/07/2024,04/21/2026
8375668,KEY BLANK KW1 D,59,10L07,,4,$19.60,$36.13,80,$2659.17,$1091.17,09/19/2024,07/22/2026,12/25/2025
3424532,SHOP TOWELS 55CT A,76,10L06,,16,$23.88,$41.68,0,$0.00,$0.00,02/18/2025,01/19/2024,05/25/2026
6305782,CABINET PULL SATIN A,40,10L05,,31,$26.84,$40.57,43,$1604.95,$450.83,,05/21/2026,07/01/2026
2455864,CHIPS GRAB BAG B,27,10L05,,27,$22.61,$32.89,0,$0.00,$0.00,04/05/2025,05/15/2025,11/09/2025
4564362,SUPER GLUE 4G A,40,10L04,,39,$14.43,$21.57,22,$436.58,$119.12,11/05/2024,06/16/2026,11/18/2025
5046638,GRILL COVER 58IN B,56,10L04,,17,$17.83,$24.67,0,$0.00,$0.00,12/29/2024,10/15/2024,12/08/2025
8584401,ZIP TIES 100CT C,47,10L04,,46,$15.73,$28.50,107,$2805.54,$1122.43,,08/06/2026,07/28/2025
1073717,BALL VALVE 1/2IN D,61,10L04,,1,$16.56,$24.92,101,$2315.57,$643.01,07/27/2024,03/22/2026,07/12/2026
5157194,BUG SPRAY DEET 6OZ A,64,10L03,,15,$22.87,$34.99,2,$64.38,$18.64,06/05/2025,04/16/2026,06/28/2025
5578449,WD-40 11OZ B,67,10L03,,3,$25.64,$40.41,110,$4089.49,$1269.09,04/24/2025,06/04/2026,03/20/2026
6383299,SMOKE ALARM C,24,10L03,,4,$8.82,$13.00,112,$1339.52,$351.68,03/26/2024,06/25/2026,06/04/2026
4863772,PAINTERS TAPE 1.88IN D,47,10L03,,43,$32.95,$49.39,0,$0.00,$0.00,07/12/2025,08/19/2024,04/06/2026
6515427,GRILL COVER 58IN A,37,10L02,,2,$22.56,$42.35,29,$1129.90,$475.66,04/23/2024,02/28/2026,11/30/2025
8299644,FLASHLIGHT 400LM B,76,10L02,,44,$15.11,$27.56,0,$0.00,$0.00,12/29/2024,03/24/2025,07/24/2025
6590094,DRYWALL ANCHORS 50CT C,17,10L02,,0,$33.83,$51.77,8,$381.03,$110.39,08/07/2025,03/28/2026,10/25/2025
4577693,WEATHERSTRIP 17FT A,42,10L01,EC09,45,$30.36,$43.59,90,$3609.25,$876.85,10/12/2024,07/01/2026,06/10/2026
2291320,PAINTERS TAPE 1.88IN B,52,10L01,,14,$2.22,$3.12,68,$195.19,$44.23,02/03/2025,05/04/2026,09/28/2025
7994354,CABINET PULL SATIN C,43,10L01,,30,$23.63,$38.78,69,$2461.75,$831.28,05/02/2024,05/12/2026,10/17/2025
5809920,HEX BOLTS 1/4IN D,38,10L01,,28,$34.82,$47.27,0,$0.00,$0.00,04/03/2024,06/26/2025,08/02/2025
1844833,ROLLER COVER 9IN A,21,10R09,,43,$29.32,$44.92,19,$785.20,$228.12,04/10/2025,03/28/2026,06/08/2026
6774461,CLAW HAMMER 16OZ A,31,10R08,,25,$37.60,$54.12,55,$2738.47,$670.47,03/28/2025,03/29/2026,08/01/2025
4911601,CHARCOAL 16LB B,47,10R08,,19,$36.86,$51.76,0,$0.00,$0.00,12/17/2024,05/06/2024,03/01/2026
2971443,KEY BLANK KW1 A,25,10R07,,16,$7.56,$12.84,35,$413.45,$148.85,04/25/2024,05/30/2026,07/28/2025
1110178,TEFLON TAPE B,50,10R07,,15,$2.79,$3.99,98,$359.74,$86.32,05/08/2025,07/10/2026,12/22/2025
1764619,PAINTERS TAPE 1.88IN C,56,10R07,,30,$32.88,$61.85,0,$0.00,$0.00,03/31/2025,04/05/2024,04/15/2026
1146186,SHOP TOWELS 55CT A,10,10R06,,19,$14.70,$20.06,70,$1291.86,$262.86,06/29/2025,02/19/2026,11/10/2025
3377520,BUG SPRAY DEET 6OZ B,37,10R06,,16,$29.05,$55.74,114,$5846.01,$2534.31,03/26/2025,06/10/2026,06/24/2026
7396288,HEX BOLTS 1/4IN C,23,10R06,,27,$36.32,$67.94,82,$5125.39,$2147.15,06/19/2024,03/25/2026,03/20/2026
8276200,JERKY ORIGINAL D,36,10R06,,14,$24.94,$41.74,10,$384.01,$134.61,12/30/2024,02/13/2026,07/13/2025
2087891,SMOKE ALARM A,53,10R05,,4,$30.16,$56.82,0,$0.00,$0.00,05/23/2024,04/21/2024,02/14/2026
5568630,BIRD SEED 20LB A,38,10R04,,20,$7.16,$11.31,74,$769.98,$240.14,03/27/2025,06/18/2026,06/29/2025
5678636,JERKY ORIGINAL B,7,10R04,,19,$32.66,$57.26,58,$3055.39,$1161.11,09/07/2025,05/02/2026,11/25/2025
4902476,PELLETS HICKORY 20LB C,65,10R04,,36,$9.17,$13.43,23,$284.18,$73.27,08/04/2025,02/01/2026,09/07/2025
6402786,SHOP TOWELS 55CT A,9,10R03,,43,$4.65,$8.32,119,$910.87,$357.52,08/09/2024,05/18/2026,11/11/2025
2490057,LEVEL 24IN B,21,10R03,,46,$13.33,$20.09,73,$1349.24,$376.15,08/02/2025,02/06/2026,12/10/2025
1664248,CABINET PULL SATIN C,8,10R03,,12,$21.03,$36.87,118,$4002.61,$1521.07,03/27/2025,01/26/2026,12/12/2025
6230403,PADLOCK 40MM A,16,10R02,,10,$21.87,$29.66,0,$0.00,$0.00,01/21/2025,08/31/2024,02/14/2026
8973137,WEATHERSTRIP 17FT B,7,10R02,,28,$18.66,$26.65,0,$0.00,$0.00,06/16/2025,05/02/2024,01/27/2026
2915314,GRASS SEED 3LB C,77,10R02,,9,$12.43,$17.53,0,$0.00,$0.00,03/08/2024,03/21/2024,01/30/2026
5176208,CABINET PULL SATIN A,60,10R01,,36,$25.10,$42.84,118,$4650.71,$1688.91,03/05/2024,05/06/2026,05/18/2026
4571312,PVC ELBOW 3/4IN B,5,10R01,,26,$31.68,$50.23,0,$0.00,$0.00,08/05/2024,06/24/2024,08/28/2025
3233317,PVC ELBOW 3/4IN C,13,10R01,,6,$38.12,$70.75,0,$0.00,$0.00,10/12/2024,01/06/2025,10/25/2025
4089033,EXT CORD 25FT D,32,10R01,,29,$38.30,$55.18,36,$1827.56,$448.76,09/19/2024,07/05/2026,01/18/2026
7631175,WEATHERSTRIP 17FT A,2,09L09,,38,$31.34,$54.31,8,$399.72,$149.00,10/22/2025,03/06/2026,01/13/2026
2965424,DECK STAIN GAL A,69,09L08,,41,$3.46,$5.31,77,$376.16,$109.74,10/27/2025,05/18/2026,07/20/2026
4743972,SCREWDRIVER SET 6PC B,27,09L08,,19,$2.74,$4.66,87,$372.99,$134.61,11/07/2025,05/29/2026,01/12/2026
3204245,DOOR HINGE 3.5IN C,8,09L08,,2,$4.06,$6.49,32,$191.07,$61.15,02/11/2026,08/05/2026,05/12/2026
6301736,FAUCET REPAIR KIT A,34,09L07,,14,$27.85,$47.63,26,$1139.31,$415.21,08/15/2025,06/10/2026,09/16/2025
2263183,BIRD SEED 20LB B,56,09L07,,0,$21.52,$37.60,51,$1764.19,$666.67,09/26/2025,05/31/2026,07/27/2025
2109167,EXTERIOR SEMI-GLOSS GAL A,66,09L06,,3,$2.10,$4.00,21,$77.28,$33.18,08/09/2025,05/19/2026,02/06/2026
4850958,EXT CORD 25FT B,41,09L06,,47,$27.78,$43.12,91,$3610.01,$1082.03,01/20/2026,07/03/2026,03/01/2026
7609216,FAUCET REPAIR KIT C,44,09L06,,20,$1.57,$2.20,52,$105.25,$23.61,12/24/2025,04/14/2026,10/31/2025
8907768,TEFLON TAPE D,43,09L06,,30,$39.37,$73.60,70,$4739.84,$1983.94,10/25/2025,05/02/2026,08/31/2025
5661712,PADLOCK 40MM A,44,09L05,,1,$5.18,$8.41,30,$232.12,$76.72,10/26/2025,04/07/2026,04/22/2026
7481422,WOOD SCREWS #8 1LB A,55,09L04,,27,$1.83,$2.75,26,$65.78,$18.20,01/22/2026,07/12/2026,07/06/2025
1979642,CHARCOAL 16LB B,50,09L04,,3,$23.66,$43.76,51,$2053.22,$846.56,,03/16/2026,05/29/2026
6472619,CHARCOAL 16LB A,72,09L03,EC04,43,$26.00,$42.72,80,$3144.19,$1064.19,08/23/2025,04/02/2026,08/14/2025
4857407,EXT CORD 25FT A,40,09L02,,45,$28.47,$55.43,62,$3161.73,$1396.59,06/25/2025,06/19/2026,06/29/2025
7621664,WEED KILLER CONC B,32,09L02,,6,$9.71,$14.22,84,$1098.92,$283.28,11/05/2025,02/11/2026,05/12/2026
5285811,SODA 20OZ C,21,09L02,,36,$5.26,$7.77,41,$293.08,$77.42,10/24/2025,04/17/2026,04/10/2026
1470311,LIVE BAIT NIGHTCRAWLERS A,74,09L01,,17,$4.38,$6.12,53,$298.41,$66.27,08/28/2025,05/05/2026,10/03/2025
5260651,CABINET PULL SATIN B,75,09L01,,0,$19.75,$36.19,38,$1265.20,$514.70,11/05/2025,07/01/2026,07/25/2025
5202884,MULCH CEDAR 2CF C,39,09L01,,32,$2.80,$5.20,60,$287.04,$119.04,10/26/2025,05/21/2026,02/03/2026
3123095,GRILL BRUSH 18IN D,3,09L01,,3,$38.00,$53.31,90,$4414.07,$994.07,,07/19/2026,10/19/2025
8511856,ROLLER COVER 9IN A,15,EC09,,23,$2.47,$4.00,115,$423.20,$139.15,06/30/2025,07/31/2026,11/23/2025
6166161,UTILITY KNIFE B,76,EC09,,7,$34.32,$64.66,120,$7138.46,$3020.06,,04/14/2026,10/26/2025
2190736,FAUCET REPAIR KIT C,25,EC09,,30,$4.66,$8.52,2,$15.68,$6.36,12/01/2025,02/06/2026,04/17/2026
3739431,EXT CORD 25FT D,14,EC09,,38,$35.99,$62.35,34,$1950.31,$726.65,02/01/2026,03/21/2026,11/30/2025
1247443,PADLOCK 40MM A,65,09R09,,5,$2.44,$3.54,84,$273.57,$68.61,12/12/2025,04/20/2026,08/13/2025
7309026,INTERIOR LATEX GAL B,29,09R09,,39,$20.66,$31.13,103,$2949.88,$821.90,12/21/2025,03/27/2026,04/23/2026
2540176,WATER 1L C,18,09R09,,8,$39.01,$53.14,9,$440.00,$88.91,08/25/2025,05/10/2026,11/23/2025
6664386,BALL VALVE 1/2IN A,69,09R08,,32,$16.86,$32.76,100,$3013.92,$1327.92,11/01/2025,02/27/2026,06/30/2025
1988261,BIRD SEED 20LB B,18,09R08,,30,$18.40,$27.89,62,$1590.85,$450.05,12/25/2025,04/28/2026,08/25/2025
1398828,SMOKE ALARM C,66,09R08,,7,$14.77,$25.01,32,$736.29,$263.65,07/31/2025,03/30/2026,09/08/2025
1235145,BATTERIES AA 16PK A,77,09R07,,21,$6.65,$10.73,34,$335.63,$109.53,08/10/2025,03/03/2026,11/14/2025
6578563,PELLETS HICKORY 20LB B,14,09R07,,25,$4.64,$7.08,117,$762.09,$219.21,01/18/2026,05/08/2026,04/30/2026
8355980,MOUSE TRAP 2PK A,26,09R06,,25,$38.47,$74.52,33,$2262.43,$992.92,01/11/2026,08/03/2026,05/21/2026
3979072,SCREWDRIVER SET 6PC B,57,09R06,,25,$20.01,$31.69,90,$2623.93,$823.03,09/03/2025,05/24/2026,02/09/2026
5938846,POTTING MIX 25QT C,26,09R06,,3,$34.30,$58.07,14,$747.94,$267.74,07/15/2025,01/31/2026,03/18/2026
4288132,TAPE MEASURE 25FT A,68,09R05,,14,$28.53,$42.65,14,$549.33,$149.91,02/03/2026,07/01/2026,02/02/2026
3853644,MULCH CEDAR 2CF B,5,09R05,,24,$10.16,$17.09,35,$550.30,$194.70,08/15/2025,07/15/2026,10/23/2025
3906850,MOUSE TRAP 2PK C,65,09R05,,42,$29.35,$51.38,54,$2552.56,$967.66,10/05/2025,07/26/2026,07/26/2026
3877190,CABINET PULL SATIN D,75,09R05,EC10,0,$1.20,$2.19,33,$66.49,$26.89,02/27/2026,02/19/2026,02/02/2026
1617125,SCREWDRIVER SET 6PC A,60,09R04,EC12,2,$27.41,$49.34,94,$4266.92,$1690.38,11/15/2025,02/15/2026,03/26/2026
3526195,CABINET PULL SATIN A,7,09R03,,47,$20.33,$34.33,106,$3347.86,$1192.88,08/24/2025,04/24/2026,08/20/2025
6291741,ZIP TIES 100CT A,7,09R02,,0,$3.45,$5.22,103,$494.65,$139.30,08/17/2025,05/04/2026,01/22/2026
3052615,BATTERIES AA 16PK B,23,09R02,,47,$1.46,$2.60,94,$224.85,$87.61,01/24/2026,01/30/2026,01/24/2026
2244270,WD-40 11OZ C,33,09R02,,4,$37.51,$71.10,104,$6802.85,$2901.81,10/21/2025,07/20/2026,10/11/2025
3269065,DRYWALL ANCHORS 50CT D,36,09R02,,17,$19.42,$28.57,28,$735.96,$192.20,12/11/2025,02/26/2026,07/14/2025
3360466,BIRD SEED 20LB A,63,09R01,,10,$30.40,$46.76,75,$3226.44,$946.44,10/07/2025,02/02/2026,07/04/2025
5262442,PELLETS HICKORY 20LB B,68,09R01,,40,$1.13,$1.76,34,$55.05,$16.63,01/11/2026,06/30/2026,10/16/2025
7434878,DECK STAIN GAL A,44,08L09,,8,$7.02,$13.09,62,$746.65,$311.41,01/06/2026,08/09/2026,09/17/2025
5013553,KEY BLANK KW1 B,15,08L09,,14,$1.89,$3.07,2,$5.65,$1.87,07/31/2025,05/08/2026,05/02/2026
5235461,SHOP TOWELS 55CT C,2,08L09,,4,$22.94,$40.68,45,$1684.15,$651.85,08/31/2025,02/02/2026,07/30/2026
6416708,BATTERIES AA 16PK A,64,08L08,,37,$21.62,$30.98,4,$114.01,$27.53,08/15/2025,05/20/2026,10/13/2025
7669516,MOUSE TRAP 2PK A,12,08L07,,20,$1.54,$2.99,117,$321.84,$141.66,10/22/2025,03/28/2026,08/02/2026
1051286,PADLOCK 40MM B,47,08L07,,0,$17.17,$23.69,3,$65.38,$13.87,07/04/2025,06/30/2026,11/10/2025
3338844,JERKY ORIGINAL C,75,08L07,,13,$20.38,$31.75,32,$934.72,$282.56,02/18/2026,07/18/2026,07/07/2026
2624563,FURNACE FILTER 16X25 A,30,08L06,,0,$21.87,$33.87,38,$1184.10,$353.04,11/09/2025,08/03/2026,10/13/2025
1327743,UTILITY KNIFE B,8,08L06,,-5,$14.85,$21.71,99,$1977.35,$507.20,12/12/2025,04/22/2026,12/17/2025
4255612,DRYWALL ANCHORS 50CT C,55,08L06,,38,$4.59,$6.34,0,$0.00,$0.00,07/09/2025,05/20/2025,07/02/2026
7424118,SUPER GLUE 4G A,26,08L05,,19,$27.76,$43.62,85,$3411.08,$1051.48,07/17/2025,02/13/2026,10/25/2025
4497235,TEFLON TAPE A,16,08L04,,11,$21.30,$32.12,5,$147.75,$41.25,02/11/2026,07/27/2026,05/23/2026
4786251,EXTERIOR SEMI-GLOSS GAL B,62,08L04,,8,$9.52,$14.06,116,$1500.48,$396.16,02/24/2026,06/06/2026,03/10/2026
4096347,CANDY BAR KING C,71,08L04,,10,$37.98,$59.45,8,$437.55,$133.71,02/21/2026,06/22/2026,06/25/2025
2359320,ICE MELT 20LB D,60,08L04,,10,$7.63,$13.16,41,$496.40,$183.57,03/11/2026,03/28/2026,06/20/2025
1426898,UTILITY KNIFE A,4,08L03,,34,$25.38,$40.62,81,$3027.00,$971.22,01/28/2026,05/24/2026,02/13/2026
3841129,MOUSE TRAP 2PK A,66,08L02,,28,$13.18,$19.63,52,$939.10,$253.74,10/29/2025,03/01/2026,12/12/2025
8977484,CLAW HAMMER 16OZ B,22,08L02,,27,$1.68,$3.15,117,$339.07,$142.51,,05/06/2026,04/28/2026
8806279,FLASHLIGHT 400LM C,36,08L02,,33,$30.21,$45.54,46,$1927.25,$537.59,06/24/2025,05/16/2026,06/30/2025
8618491,FLASHLIGHT 400LM A,78,08L01,,39,$33.46,$54.06,103,$5122.73,$1676.35,10/26/2025,07/13/2026,05/31/2026
3561906,ANT BAIT 6CT B,19,08L01,,28,$7.82,$12.10,116,$1291.31,$384.19,06/19/2025,08/06/2026,04/15/2026
6681674,WATER 1L C,76,08L01,,48,$22.80,$40.97,92,$3467.70,$1370.10,10/05/2025,04/05/2026,10/12/2025
1363605,WD-40 11OZ A,44,EC08,,0,$34.79,$65.90,24,$1455.07,$620.11,06/26/2025,07/07/2026,08/07/2025
1323983,ICE MELT 20LB B,54,EC08,,48,$35.02,$58.45,120,$6452.88,$2250.48,03/09/2026,02/17/2026,09/16/2025
1168026,JERKY ORIGINAL A,77,08R09,,27,$32.42,$59.38,0,$0.00,$0.00,09/03/2025,07/25/2024,11/25/2025
1898105,TAPE MEASURE 25FT B,20,08R09,,4,$28.17,$51.36,25,$1181.28,$477.03,02/15/2026,07/24/2026,05/07/2026
7920220,SCREWDRIVER SET 6PC A,78,08R08,,10,$23.63,$36.50,80,$2686.40,$796.00,09/24/2025,07/28/2026,08/22/2025
4600713,TEFLON TAPE B,71,08R08,,5,$18.05,$32.84,21,$634.47,$255.42,07/27/2025,07/27/2026,09/11/2025
7039931,BRUSH SET 3PC C,52,08R08,,12,$6.53,$8.82,29,$235.32,$45.95,12/01/2025,02/15/2026,04/17/2026
1626572,FURNACE FILTER 16X25 A,14,08R07,,7,$23.91,$44.83,92,$3794.41,$1594.69,09/11/2025,03/06/2026,07/06/2026
3981968,BIRD SEED 20LB B,39,08R07,,5,$18.42,$28.08,116,$2996.70,$859.98,01/27/2026,02/21/2026,08/03/2026
7192899,WEED KILLER CONC C,49,08R07,,46,$5.81,$10.39,12,$114.71,$44.99,01/26/2026,04/18/2026,12/25/2025
5288506,FAUCET REPAIR KIT D,51,08R07,,14,$36.02,$65.84,96,$5814.99,$2357.07,,06/10/2026,08/06/2026
2390308,OUTLET DUPLEX 15A A,37,08R06,,18,$7.68,$14.89,3,$41.10,$18.06,08/28/2025,03/16/2026,10/11/2025
6815630,MOUSE TRAP 2PK A,23,08R05,,6,$9.27,$13.12,112,$1351.88,$313.64,10/27/2025,04/02/2026,12/17/2025
3962160,WATER 1L B,28,08R05,,33,$7.55,$10.40,36,$344.45,$72.65,03/09/2026,07/16/2026,05/25/2026
7861470,FURNACE FILTER 16X25 C,23,08R05,,27,$7.81,$11.18,107,$1100.56,$264.89,03/24/2026,04/07/2026,07/26/2025
3258946,FLASHLIGHT 400LM A,5,08R04,,31,$28.01,$44.32,34,$1386.33,$433.99,02/06/2026,02/22/2026,05/21/2026
8143548,LEVEL 24IN A,38,08R03,EC04,45,$15.48,$28.59,0,$0.00,$0.00,09/28/2025,06/02/2024,02/21/2026
8332248,FURNACE FILTER 16X25 A,27,08R02,,9,$39.04,$60.27,110,$6099.32,$1804.92,03/22/2026,06/13/2026,09/26/2025
6323007,HEX BOLTS 1/4IN B,61,08R02,,38,$28.62,$53.09,46,$2246.77,$930.25,,02/15/2026,06/26/2026
3800439,OUTLET DUPLEX 15A C,71,08R02,,29,$21.51,$41.84,68,$2617.51,$1154.83,07/21/2025,05/10/2026,07/09/2026
3786084,PVC ELBOW 3/4IN D,78,08R02,,1,$33.84,$62.22,72,$4121.45,$1684.97,02/24/2026,02/26/2026,11/21/2025
2643591,SMOKE ALARM A,46,08R01,,18,$12.48,$21.80,53,$1062.97,$401.53,03/22/2026,06/15/2026,09/20/2025
8675198,PROPANE EXCHANGE A,39,07L09,,23,$19.77,$32.75,95,$2862.35,$984.20,08/10/2025,04/27/2026,08/03/2026
2280729,FLASHLIGHT 400LM B,15,07L09,EC08,19,$30.96,$54.31,26,$1299.10,$494.14,02/16/2026,02/17/2026,11/24/2025
5600584,WD-40 11OZ A,28,07L08,,16,$30.12,$49.17,0,$0.00,$0.00,07/16/2025,02/23/2026,10/28/2025
2269820,SODA 20OZ A,77,07L07,,-1,$24.61,$47.89,84,$3700.94,$1633.70,08/30/2025,01/26/2026,04/16/2026
3138067,BALL VALVE 1/2IN B,17,07L07,,42,$25.90,$38.33,108,$3808.47,$1011.27,06/28/2025,07/20/2026,12/15/2025
7607740,FAUCET REPAIR KIT A,55,07L06,,41,$1.69,$2.81,74,$191.30,$66.24,12/19/2025,03/03/2026,02/21/2026
6465279,JERKY ORIGINAL B,44,07L06,,44,$3.98,$6.72,29,$179.29,$63.87,02/25/2026,07/25/2026,01/04/2026
6045786,ANT BAIT 6CT C,76,07L06,,30,$23.79,$36.11,71,$2358.71,$669.62,03/25/2026,01/28/2026,05/01/2026
1993991,POTTING MIX 25QT A,2,07L05,,20,$31.34,$59.55,73,$3999.38,$1711.56,07/08/2025,03/04/2026,04/10/2026
2897044,FURNACE FILTER 16X25 B,44,07L05,,23,$33.03,$57.68,84,$4457.51,$1682.99,12/26/2025,06/20/2026,11/02/2025
1251975,EXTERIOR SEMI-GLOSS GAL C,45,07L05,,21,$36.28,$50.10,29,$1336.67,$284.55,02/18/2026,04/27/2026,12/24/2025
1533480,WIRE NUTS 25CT D,8,07L05,,0,$9.56,$14.66,83,$1119.44,$325.96,11/16/2025,03/08/2026,07/20/2026
7075103,GRILL BRUSH 18IN A,30,07L04,,21,$29.31,$49.22,98,$4437.68,$1565.30,02/20/2026,06/03/2026,08/19/2025
1080644,PAINTERS TAPE 1.88IN B,48,07L04,,13,$35.26,$54.40,76,$3803.65,$1123.89,02/20/2026,08/08/2026,04/01/2026
3989373,GRILL BRUSH 18IN C,25,07L04,,37,$12.28,$22.56,114,$2366.09,$966.17,,03/21/2026,09/07/2025
5895163,WD-40 11OZ A,73,07L03,,20,$20.79,$32.54,70,$2095.58,$640.28,12/17/2025,06/25/2026,12/18/2025
4034228,WATER 1L B,10,07L03,,21,$36.22,$50.87,1,$46.80,$10.58,03/07/2026,01/28/2026,12/16/2025
6532975,ICE MELT 20LB C,52,07L03,,3,$33.34,$57.34,96,$5064.27,$1863.63,12/05/2025,03/21/2026,07/03/2025
8010331,WEED KILLER CONC A,73,07L02,,31,$5.40,$10.27,59,$557.46,$238.86,,06/25/2026,12/23/2025
6631716,PROPANE EXCHANGE B,75,07L02,,11,$19.59,$37.92,12,$418.64,$183.56,07/14/2025,07/05/2026,07/01/2026
7723802,EXT CORD 25FT C,45,07L02,,27,$35.51,$53.74,81,$4004.70,$1128.39,02/12/2026,01/30/2026,11/02/2025
7287694,PADLOCK 40MM D,25,07L02,,4,$34.73,$62.56,108,$6215.96,$2465.12,12/21/2025,06/25/2026,05/11/2026
7103952,FURNACE FILTER 16X25 A,69,07L01,,21,$15.00,$21.88,53,$1066.87,$271.87,08/20/2025,05/25/2026,07/19/2025
5765072,SMOKE ALARM B,11,07L01,,0,$9.73,$13.19,46,$558.20,$110.62,,02/04/2026,02/26/2026
2170341,WATER 1L C,25,07L01,,14,$22.85,$34.59,83,$2641.29,$744.74,11/19/2025,03/11/2026,04/06/2026
8345231,BATTERIES AA 16PK A,43,EC07,,15,$39.27,$57.41,0,$0.00,$0.00,08/22/2025,01/30/2025,10/28/2025
2564222,SHOP TOWELS 55CT A,8,07R05,,23,$23.84,$33.28,14,$428.65,$94.89,01/23/2026,03/30/2026,03/14/2026
1463405,UTILITY KNIFE B,65,07R05,,12,$3.67,$5.38,115,$569.20,$147.15,01/29/2026,02/19/2026,12/30/2025
3751131,WOOD SCREWS #8 1LB C,59,07R05,,8,$24.33,$34.92,15,$481.90,$116.95,08/16/2025,07/28/2026,04/15/2026
6600039,BRUSH SET 3PC A,10,07R04,,16,$33.13,$45.70,66,$2774.90,$588.32,08/10/2025,07/02/2026,01/08/2026
5663218,ANT BAIT 6CT B,13,07R04,,42,$2.59,$4.68,65,$279.86,$111.51,11/18/2025,06/07/2026,08/16/2025
1512416,BRUSH SET 3PC A,37,07R03,,2,$10.14,$16.01,120,$1767.50,$550.70,09/06/2025,06/22/2026,01/02/2026
7637636,SUMP PUMP 1/3HP B,26,07R03,,46,$4.46,$8.04,19,$140.54,$55.80,12/06/2025,02/16/2026,10/12/2025
5291832,JERKY ORIGINAL A,65,07R02,,27,$19.83,$38.23,28,$984.80,$429.56,12/07/2025,08/11/2026,07/25/2025
1164835,PROPANE EXCHANGE B,35,07R02,,0,$36.33,$65.44,0,$0.00,$0.00,,03/21/2024,01/09/2026
6443749,ICE MELT 20LB C,47,07R02,,28,$37.92,$57.94,60,$3198.29,$923.09,07/28/2025,06/09/2026,01/20/2026
6702989,PROPANE EXCHANGE A,62,07R01,,30,$32.55,$49.38,88,$3997.80,$1133.40,06/27/2025,07/13/2026,06/17/2026
7124470,JERKY ORIGINAL B,75,07R01,,23,$4.49,$6.37,27,$158.23,$37.00,07/30/2025,03/25/2026,10/23/2025
2171368,GRILL BRUSH 18IN C,19,07R01,,0,$11.05,$17.30,113,$1798.51,$549.86,07/12/2025,06/28/2026,08/03/2026
3014993,WATER 1L A,31,06L05,,0,$22.91,$31.50,110,$3187.80,$667.70,03/27/2026,06/18/2026,06/09/2026
8127429,PAINTERS TAPE 1.88IN A,76,06L04,,29,$0.94,$1.63,116,$173.95,$64.91,03/31/2026,04/03/2026,06/24/2026
8526807,PVC ELBOW 3/4IN B,36,06L04,,0,$26.53,$37.81,72,$2504.53,$594.37,04/04/2026,03/22/2026,05/21/2026
8758207,PELLETS HICKORY 20LB C,8,06L04,,14,$30.39,$47.41,80,$3489.38,$1058.18,04/25/2026,06/02/2026,03/09/2026
6082423,SUMP PUMP 1/3HP D,19,06L04,,12,$14.46,$22.74,0,$0.00,$0.00,06/04/2026,07/13/2025,03/14/2026
3037969,BRUSH SET 3PC A,78,06L03,,2,$3.68,$5.25,18,$86.94,$20.70,03/09/2026,05/23/2026,06/18/2026
4828394,SMOKE ALARM A,52,06L02,,27,$26.85,$39.35,82,$2968.56,$766.86,04/19/2026,07/08/2026,12/19/2025
3862571,WD-40 11OZ B,67,06L02,EC06,14,$21.98,$35.17,0,$0.00,$0.00,03/06/2026,11/13/2024,04/21/2026
4455091,SODA 20OZ A,78,06L01,,46,$17.93,$34.64,75,$2390.16,$1045.41,04/24/2026,07/11/2026,07/18/2026
3151802,BATTERIES AA 16PK A,60,EC06,,30,$22.96,$32.04,46,$1355.93,$299.77,03/08/2026,03/15/2026,04/02/2026
7993292,HEX BOLTS 1/4IN B,1,EC06,,29,$9.47,$16.29,85,$1273.88,$468.93,06/21/2026,07/02/2026,08/07/2026
3851121,BIRD SEED 20LB A,27,06R05,,40,$13.15,$17.96,69,$1140.10,$232.75,02/08/2026,06/24/2026,01/06/2026
7293248,LEVEL 24IN A,26,06R04,,4,$33.10,$45.59,0,$0.00,$0.00,03/30/2026,01/06/2024,07/23/2025
8217840,WD-40 11OZ B,16,06R04,,1,$26.60,$49.50,80,$3643.20,$1515.20,04/17/2026,04/27/2026,03/15/2026
2424231,PROPANE EXCHANGE C,29,06R04,,0,$28.70,$50.08,73,$3363.37,$1268.27,04/16/2026,07/23/2026,10/11/2025
3189368,WIRE NUTS 25CT A,27,06R03,EC02,39,$9.06,$15.58,63,$903.02,$332.24,06/19/2026,03/27/2026,01/17/2026
6324506,SMOKE ALARM B,26,06R03,,28,$7.02,$13.42,8,$98.77,$42.61,03/12/2026,07/22/2026,10/26/2025
1499279,CHIPS GRAB BAG C,9,06R03,,23,$13.80,$20.54,95,$1795.20,$484.20,03/02/2026,02/22/2026,11/19/2025
1810139,TAPE MEASURE 25FT D,76,06R03,,11,$13.83,$20.15,76,$1408.89,$357.81,06/10/2026,08/03/2026,01/19/2026
1631232,FAUCET REPAIR KIT A,3,06R02,,27,$14.10,$26.67,19,$466.19,$198.29,04/04/2026,01/26/2026,08/30/2025
5203075,HEX BOLTS 1/4IN B,41,06R02,,35,$23.64,$44.93,108,$4464.24,$1911.12,03/18/2026,03/20/2026,08/18/2025
2032143,SUPER GLUE 4G A,22,06R01,,12,$9.19,$14.93,38,$521.95,$172.73,05/16/2026,04/10/2026,09/25/2025
8578058,GRASS SEED 3LB B,76,06R01,,35,$21.31,$39.54,87,$3164.78,$1310.81,03/05/2026,04/24/2026,10/24/2025
7194411,DECK STAIN GAL C,77,06R01,,31,$9.82,$18.04,0,$0.00,$0.00,04/22/2026,01/24/2025,06/29/2025
3303577,ICE MELT 20LB A,42,05L05,EC12,33,$28.94,$54.78,49,$2469.48,$1051.42,04/15/2026,08/11/2026,06/28/2025
7908772,DECK STAIN GAL B,70,05L05,,2,$1.39,$2.33,69,$147.91,$52.00,01/24/2026,06/01/2026,11/05/2025
3130577,PVC ELBOW 3/4IN A,15,05L04,,19,$6.74,$11.11,81,$827.92,$281.98,04/20/2026,05/12/2026,01/03/2026
3867905,ICE MELT 20LB B,72,05L04,,48,$30.89,$50.13,77,$3551.21,$1172.68,05/11/2026,02/28/2026,06/28/2026
6637192,WOOD SCREWS #8 1LB C,45,05L04,,41,$17.74,$24.08,53,$1174.14,$233.92,06/19/2026,03/07/2026,11/15/2025
3603513,WIRE NUTS 25CT D,14,05L04,,16,$7.80,$15.20,54,$755.14,$333.94,05/19/2026,06/12/2026,07/19/2025
5534719,GRILL BRUSH 18IN A,39,05L03,,35,$2.58,$4.32,110,$437.18,$153.38,05/03/2026,04/21/2026,05/20/2026
4261676,TAPE MEASURE 25FT B,7,05L03,,41,$14.55,$20.27,89,$1659.71,$364.76,05/28/2026,05/13/2026,05/19/2026
2514238,WEED KILLER CONC C,15,05L03,,26,$30.32,$46.90,108,$4659.98,$1385.42,06/16/2026,05/07/2026,09/18/2025
3814075,WIRE NUTS 25CT A,12,05L02,,48,$21.26,$37.50,72,$2484.00,$953.28,03/25/2026,04/18/2026,07/14/2026
1862287,LIVE BAIT NIGHTCRAWLERS A,33,05L01,,44,$39.75,$73.69,25,$1694.87,$701.12,06/04/2026,04/06/2026,04/12/2026
5880896,SUPER GLUE 4G A,72,EC05,,46,$3.73,$5.83,25,$134.09,$40.84,,07/05/2026,12/14/2025
4268399,SUMP PUMP 1/3HP B,38,EC05,,-1,$19.66,$26.82,90,$2220.70,$451.30,03/21/2026,02/05/2026,03/20/2026
2004924,PROPANE EXCHANGE C,58,EC05,,-3,$6.65,$11.11,16,$163.54,$57.14,03/01/2026,05/18/2026,09/19/2025
7499463,CLAW HAMMER 16OZ A,76,04R09,,41,$26.12,$43.56,92,$3686.92,$1283.88,04/17/2026,03/12/2026,11/28/2025
4936282,ZIP TIES 100CT A,63,04R08,,34,$18.28,$34.96,116,$3730.93,$1610.45,04/11/2026,02/12/2026,07/12/2025
2507858,SMOKE ALARM B,58,04R08,,36,$3.71,$6.95,0,$0.00,$0.00,06/18/2026,12/23/2024,09/10/2025
5178415,SUMP PUMP 1/3HP C,41,04R08,,17,$37.64,$73.27,120,$8089.01,$3572.21,03/12/2026,02/16/2026,01/30/2026
8128087,LEVEL 24IN A,24,04R07,,40,$7.61,$13.68,101,$1271.15,$502.54,04/22/2026,06/26/2026,03/11/2026
2666285,LEVEL 24IN B,73,04R07,,34,$21.87,$31.43,105,$3036.14,$739.79,01/26/2026,04/29/2026,09/12/2025
3529261,FAUCET REPAIR KIT A,39,04R06,,0,$5.93,$9.04,106,$881.58,$253.00,04/22/2026,02/22/2026,03/12/2026
2568498,PVC ELBOW 3/4IN B,21,04R06,EC04,30,$36.99,$70.88,36,$2347.55,$1015.91,01/30/2026,05/26/2026,07/25/2026
3668111,FLASHLIGHT 400LM A,12,04R05,,19,$29.33,$49.95,40,$1838.16,$664.96,04/22/2026,01/29/2026,09/21/2025
8795734,CABINET PULL SATIN A,72,04R04,,14,$37.45,$68.77,72,$4555.32,$1858.92,02/06/2026,04/15/2026,01/27/2026
1546587,FAUCET REPAIR KIT B,50,04R04,,35,$16.26,$25.77,37,$877.21,$275.59,03/17/2026,03/30/2026,03/07/2026
5966203,GRILL BRUSH 18IN C,43,04R04,,22,$10.28,$15.62,114,$1638.23,$466.31,03/30/2026,04/09/2026,03/04/2026
5475480,MOUSE TRAP 2PK D,44,04R04,,20,$8.78,$12.52,107,$1232.47,$293.01,03/10/2026,05/20/2026,09/24/2025
1755969,ICE MELT 20LB A,23,04R03,,30,$35.63,$50.98,8,$375.21,$90.17,06/27/2026,04/06/2026,01/31/2026
6071628,WATER 1L B,8,04R03,,21,$21.69,$34.93,30,$964.07,$313.37,05/06/2026,06/30/2026,02/24/2026
3526750,WOOD SCREWS #8 1LB C,8,04R03,,0,$21.18,$39.18,22,$793.00,$327.04,03/01/2026,07/10/2026,06/21/2025
8067364,WEATHERSTRIP 17FT A,62,04R02,EC01,0,$30.97,$42.45,30,$1171.62,$242.52,04/28/2026,07/29/2026,08/04/2026
5283049,ZIP TIES 100CT B,71,04R02,,8,$26.21,$40.19,70,$2588.24,$753.54,06/17/2026,05/05/2026,07/11/2025
3258662,DRYWALL ANCHORS 50CT A,35,04R01,,29,$1.48,$2.82,101,$262.03,$112.55,03/31/2026,02/16/2026,06/16/2026
6606821,WD-40 11OZ A,43,03L09,,5,$37.31,$58.47,53,$2851.00,$873.57,06/16/2026,02/27/2026,09/04/2025
8045448,BATTERIES AA 16PK B,65,03L09,,0,$23.40,$40.59,17,$634.83,$237.03,07/13/2026,04/01/2026,07/11/2026
4466260,PELLETS HICKORY 20LB C,21,03L09,,45,$12.18,$18.17,67,$1120.00,$303.94,07/04/2026,07/24/2026,07/22/2026
2961180,SMOKE ALARM D,61,03L09,,44,$1.17,$2.06,64,$121.29,$46.41,06/19/2026,06/22/2026,01/18/2026
2130984,PROPANE EXCHANGE A,18,03L08,,46,$14.45,$28.16,86,$2228.02,$985.32,07/26/2026,08/05/2026,06/24/2025
3698150,PELLETS HICKORY 20LB B,25,03L08,,-3,$30.62,$54.10,65,$3235.18,$1244.88,07/20/2026,07/26/2026,06/18/2026
1437146,PVC ELBOW 3/4IN A,7,03L07,,19,$18.91,$26.04,0,$0.00,$0.00,07/17/2026,07/01/2024,03/29/2026
7042052,EXT CORD 25FT B,62,03L07,,31,$38.49,$68.32,21,$1319.94,$511.65,07/04/2026,04/06/2026,08/22/2025
4337827,PVC ELBOW 3/4IN A,74,03L06,,19,$24.07,$46.30,87,$3705.85,$1611.76,08/05/2026,03/14/2026,02/27/2026
8341812,EXT CORD 25FT B,53,03L06,,40,$2.79,$4.86,114,$509.72,$191.66,07/07/2026,03/11/2026,12/24/2025
4053541,ICE MELT 20LB C,69,03L06,,5,$1.38,$2.05,81,$152.77,$40.99,07/12/2026,05/22/2026,08/03/2026
4411953,BRUSH SET 3PC A,31,03L05,,26,$39.29,$59.56,88,$4821.98,$1364.46,06/14/2026,04/12/2026,06/03/2026
3843932,SUPER GLUE 4G A,56,03L04,EC09,19,$27.85,$42.26,109,$4237.83,$1202.18,07/10/2026,02/03/2026,11/09/2025
6752988,PELLETS HICKORY 20LB B,60,03L04,,14,$1.96,$3.11,21,$60.09,$18.93,07/03/2026,04/07/2026,08/19/2025
8361886,KEY BLANK KW1 A,54,03L03,,23,$29.51,$49.18,81,$3664.89,$1274.58,07/10/2026,03/13/2026,11/05/2025
5263556,DRYWALL ANCHORS 50CT B,57,03L03,,30,$7.40,$10.10,76,$706.19,$143.79,07/17/2026,06/12/2026,03/25/2026
3525330,BRUSH SET 3PC C,61,03L03,,8,$26.82,$36.32,22,$735.12,$145.08,06/22/2026,07/18/2026,10/08/2025
4152316,EXT CORD 25FT A,68,03L02,,1,$14.92,$23.11,58,$1233.15,$367.79,08/02/2026,05/24/2026,01/12/2026
4956276,WEATHERSTRIP 17FT B,77,03L02,,0,$35.01,$62.56,48,$2762.65,$1082.17,07/13/2026,04/06/2026,11/24/2025
8086313,WATER 1L C,52,03L02,,25,$9.89,$17.69,33,$537.07,$210.70,08/05/2026,07/18/2026,09/13/2025
5127165,CLAW HAMMER 16OZ D,19,03L02,,19,$9.69,$16.31,92,$1380.48,$489.00,07/06/2026,04/28/2026,11/15/2025
2623282,SUMP PUMP 1/3HP A,16,03L01,,40,$16.54,$28.59,7,$184.12,$68.34,07/21/2026,02/17/2026,09/29/2025
1461464,GRASS SEED 3LB B,52,03L01,,31,$15.54,$23.63,73,$1586.99,$452.57,07/06/2026,01/29/2026,01/21/2026
2746509,BATTERIES AA 16PK A,2,EC03,,1,$22.45,$39.77,104,$3805.19,$1470.39,06/30/2026,06/29/2026,06/29/2026
1119345,BUG SPRAY DEET 6OZ B,8,EC03,,45,$17.78,$24.70,61,$1386.16,$301.58,07/10/2026,08/02/2026,04/25/2026
8089315,SODA 20OZ C,2,EC03,,26,$0.96,$1.40,52,$66.98,$17.06,08/05/2026,07/23/2026,07/03/2026
8238007,BUG SPRAY DEET 6OZ A,1,03R09,,15,$18.93,$28.35,51,$1330.18,$364.75,07/10/2026,03/16/2026,02/09/2026
5357268,KEY BLANK KW1 B,78,03R09,,39,$14.82,$27.60,66,$1675.87,$697.75,06/15/2026,03/03/2026,10/24/2025
3161055,FURNACE FILTER 16X25 C,26,03R09,,13,$1.70,$2.88,16,$42.39,$15.19,08/05/2026,06/04/2026,02/04/2026
4636204,WIRE NUTS 25CT A,57,03R08,,7,$8.87,$12.53,39,$449.58,$103.65,07/26/2026,04/18/2026,05/29/2026
5206632,FINISH NAILS 4D B,52,03R08,,29,$21.28,$32.53,99,$2962.83,$856.11,06/28/2026,04/18/2026,08/12/2025
5448090,MOUSE TRAP 2PK C,32,03R08,,32,$15.88,$24.85,81,$1851.82,$565.54,06/30/2026,08/08/2026,07/28/2026
2566737,BRUSH SET 3PC A,2,03R07,,11,$13.10,$23.86,13,$285.37,$115.07,07/06/2026,04/01/2026,08/05/2025
4315287,SMOKE ALARM B,33,03R07,,9,$13.86,$21.68,47,$937.44,$286.02,06/26/2026,04/22/2026,08/28/2025
2585869,CABINET PULL SATIN C,69,03R07,,28,$24.86,$39.66,76,$2773.03,$883.67,08/08/2026,02/01/2026,12/17/2025
4572940,TAPE MEASURE 25FT D,60,03R07,,33,$32.93,$57.85,109,$5801.20,$2211.83,06/17/2026,05/07/2026,07/01/2025
6737787,BUG SPRAY DEET 6OZ A,32,03R06,,5,$33.67,$45.91,72,$3041.08,$616.84,07/02/2026,05/05/2026,06/10/2026
2772439,WEATHERSTRIP 17FT A,72,03R05,,0,$12.70,$24.29,40,$893.87,$385.87,06/22/2026,02/24/2026,02/13/2026
2925598,SMOKE ALARM B,39,03R05,,0,$28.72,$39.24,68,$2454.85,$501.89,08/03/2026,04/03/2026,07/31/2025
1746598,DUCT TAPE SILVER C,73,03R05,,12,$36.56,$55.85,11,$565.20,$163.04,06/16/2026,03/02/2026,08/01/2026
5408459,UTILITY KNIFE D,39,03R05,,33,$33.30,$57.98,0,$0.00,$0.00,07/31/2026,05/22/2024,01/26/2026
1392245,CABINET PULL SATIN A,32,03R04,,48,$34.52,$50.64,46,$2143.08,$555.16,07/03/2026,06/11/2026,11/02/2025
8148632,DRYWALL ANCHORS 50CT B,39,03R04,,2,$29.99,$49.32,11,$499.12,$169.23,07/29/2026,03/14/2026,03/05/2026
4397874,KEY BLANK KW1 A,52,03R03,,48,$6.59,$8.99,0,$0.00,$0.00,06/20/2026,11/15/2024,08/03/2026
4397932,SUPER GLUE 4G B,8,03R03,,8,$22.55,$33.93,62,$1935.37,$537.27,06/21/2026,05/09/2026,06/28/2025
3907461,MOUSE TRAP 2PK C,35,03R03,,43,$24.38,$39.53,73,$2654.83,$875.09,06/17/2026,03/02/2026,05/15/2026
6278830,PROPANE EXCHANGE A,34,03R02,,47,$33.51,$50.68,69,$3217.17,$904.98,07/31/2026,05/29/2026,07/31/2026
5085344,TEFLON TAPE B,53,03R02,,17,$1.47,$2.72,4,$10.01,$4.13,08/02/2026,05/19/2026,07/18/2026
2151947,WATER 1L A,19,03R01,,37,$28.25,$39.57,30,$1092.13,$244.63,07/18/2026,05/19/2026,07/10/2026
2905084,FINISH NAILS 4D B,34,03R01,EC01,38,$39.41,$58.96,50,$2712.16,$741.66,08/03/2026,05/29/2026,07/20/2025
1278117,TEFLON TAPE C,44,03R01,,3,$3.32,$5.70,92,$482.45,$177.01,06/24/2026,06/27/2026,12/09/2025
5721768,PADLOCK 40MM D,51,03R01,,26,$31.40,$60.02,37,$2043.08,$881.28,08/09/2026,05/16/2026,07/27/2026
8197851,OUTLET DUPLEX 15A A,8,02L09,,25,$3.25,$5.66,43,$223.91,$84.16,06/29/2026,07/11/2026,11/25/2025
4678719,SANDPAPER ASST 220 A,44,02L08,,9,$10.04,$17.16,49,$773.57,$281.61,07/20/2026,07/17/2026,07/26/2025
7672762,BIRD SEED 20LB B,66,02L08,,23,$18.50,$25.10,51,$1177.69,$234.19,06/21/2026,06/04/2026,07/27/2026
6780799,OUTLET DUPLEX 15A A,50,02L07,,25,$1.71,$2.59,85,$202.54,$57.19,07/31/2026,03/15/2026,09/20/2025
7499284,JERKY ORIGINAL A,71,02L06,,-1,$11.44,$17.48,61,$980.98,$283.14,08/03/2026,05/30/2026,11/02/2025
7155978,HEX BOLTS 1/4IN A,60,02L05,,22,$37.34,$65.90,30,$1818.84,$698.64,06/27/2026,02/27/2026,10/19/2025
1780670,PELLETS HICKORY 20LB A,74,02L04,,23,$14.25,$26.94,94,$2329.77,$990.27,06/22/2026,06/16/2026,07/09/2025
4041679,LEVEL 24IN B,39,02L04,,20,$27.31,$37.80,69,$2399.54,$515.15,06/14/2026,06/08/2026,08/02/2026
1409193,SUPER GLUE 4G C,59,02L04,,18,$18.76,$30.70,34,$960.30,$322.46,08/06/2026,03/08/2026,09/20/2025
5057029,BALL VALVE 1/2IN D,32,02L04,,31,$2.80,$3.94,16,$58.00,$13.20,07/07/2026,04/05/2026,09/08/2025
5334591,CANDY BAR KING A,28,02L03,,3,$1.32,$2.41,18,$39.91,$16.15,06/29/2026,06/23/2026,12/23/2025
3852032,MOUSE TRAP 2PK A,78,02L02,,39,$25.92,$50.41,20,$927.54,$409.14,07/22/2026,07/21/2026,05/16/2026
1762170,DECK STAIN GAL B,40,02L02,,33,$16.80,$28.78,117,$3097.88,$1132.28,08/06/2026,03/17/2026,11/30/2025
2729571,MULCH CEDAR 2CF C,61,02L02,,40,$14.03,$24.69,59,$1340.17,$512.40,07/24/2026,07/17/2026,04/07/2026
8354369,TRASH BAGS 33GAL A,74,02L01,,27,$22.23,$30.56,32,$899.69,$188.33,07/24/2026,06/28/2026,10/31/2025
8508914,BIRD SEED 20LB A,56,EC02,,27,$25.10,$36.86,57,$1932.94,$502.24,06/22/2026,04/16/2026,09/29/2025
4278885,ANT BAIT 6CT A,62,02R07,,2,$18.04,$30.33,57,$1590.51,$562.23,07/22/2026,06/18/2026,09/30/2025
7984666,SUMP PUMP 1/3HP B,55,02R07,,11,$27.38,$44.73,5,$205.76,$68.86,07/03/2026,07/10/2026,03/01/2026
1858314,WOOD SCREWS #8 1LB C,52,02R07,,0,$4.10,$7.80,62,$444.91,$190.71,08/01/2026,07/21/2026,08/25/2025
6703407,PVC ELBOW 3/4IN D,68,02R07,,0,$37.18,$63.62,98,$5735.98,$2092.34,07/09/2026,02/26/2026,08/04/2026
1573600,WOOD SCREWS #8 1LB A,40,02R06,,44,$19.50,$30.51,88,$2470.09,$754.09,07/21/2026,07/31/2026,11/12/2025
8301140,INTERIOR LATEX GAL B,28,02R06,,26,$29.90,$46.77,85,$3657.41,$1115.91,07/01/2026,04/27/2026,10/16/2025
1337159,CLAW HAMMER 16OZ A,17,02R05,,44,$37.37,$58.26,46,$2465.56,$746.54,06/18/2026,03/05/2026,07/01/2026
4205488,EXT CORD 25FT B,20,02R05,,48,$27.24,$38.47,98,$3468.46,$798.94,08/07/2026,06/27/2026,02/02/2026
6656760,PVC ELBOW 3/4IN C,23,02R05,,0,$3.71,$5.72,69,$363.11,$107.12,08/09/2026,05/14/2026,01/01/2026
4537356,GRILL COVER 58IN A,31,02R04,,24,$28.89,$48.53,91,$4062.93,$1433.94,08/07/2026,07/02/2026,07/02/2026
2965261,EXTERIOR SEMI-GLOSS GAL B,41,02R04,,45,$30.81,$58.59,15,$808.54,$346.39,07/03/2026,03/25/2026,04/13/2026
4703999,JERKY ORIGINAL A,29,02R03,,26,$38.41,$68.83,11,$696.56,$274.05,08/08/2026,01/24/2026,08/09/2025
6283896,PELLETS HICKORY 20LB A,75,02R02,,7,$16.78,$22.87,53,$1115.14,$225.80,07/17/2026,02/04/2026,07/06/2026
1049122,WEATHERSTRIP 17FT B,70,02R02,,27,$28.38,$38.41,28,$989.44,$194.80,07/24/2026,02/11/2026,09/10/2025
7535642,WOOD SCREWS #8 1LB C,19,02R02,,30,$36.96,$63.47,74,$4321.04,$1586.00,07/20/2026,07/20/2026,05/31/2026
4262528,BIRD SEED 20LB A,38,02R01,,43,$28.38,$45.66,27,$1134.19,$367.93,06/20/2026,07/26/2026,04/14/2026
6524562,ANT BAIT 6CT B,27,02R01,,36,$19.45,$27.81,14,$358.19,$85.89,07/13/2026,03/04/2026,02/11/2026
4198184,BUG SPRAY DEET 6OZ C,53,02R01,,1,$14.33,$27.59,59,$1497.59,$652.12,07/27/2026,08/11/2026,07/11/2025
6831823,PAINTERS TAPE 1.88IN A,64,01L07,,46,$28.51,$41.46,115,$4386.47,$1107.82,08/04/2026,03/10/2026,05/02/2026
6694453,BALL VALVE 1/2IN B,18,01L07,,8,$23.69,$40.24,30,$1110.62,$399.92,06/25/2026,06/25/2026,08/05/2025
1845793,BATTERIES AA 16PK C,26,01L07,,45,$34.30,$63.25,53,$3084.07,$1266.17,06/13/2026,01/26/2026,03/18/2026
8983747,DECK STAIN GAL A,8,01L06,,41,$37.41,$56.93,0,$0.00,$0.00,07/15/2026,10/13/2024,01/26/2026
2160549,CANDY BAR KING B,12,01L06,,0,$31.77,$56.65,34,$1772.01,$691.83,07/07/2026,05/19/2026,07/11/2025
3607085,BUG SPRAY DEET 6OZ C,38,01L06,,16,$37.36,$60.36,105,$5830.78,$1907.98,07/22/2026,03/16/2026,04/08/2026
8276797,SMOKE ALARM D,34,01L06,,38,$34.37,$66.00,109,$6618.48,$2872.15,06/18/2026,05/27/2026,04/19/2026
1227328,LED BULB 60W 4PK A,61,01L05,,35,$11.85,$22.27,87,$1782.49,$751.54,08/06/2026,01/30/2026,08/15/2025
6072516,PROPANE EXCHANGE B,67,01L05,,7,$7.60,$12.52,83,$956.03,$325.23,06/15/2026,08/10/2026,12/02/2025
1764503,TRASH BAGS 33GAL A,78,01L04,,45,$20.48,$37.82,16,$556.71,$229.03,07/08/2026,05/17/2026,09/13/2025
5130845,CLAW HAMMER 16OZ A,15,01L03,,15,$38.26,$64.86,61,$3639.94,$1306.08,06/17/2026,02/15/2026,06/06/2026
1768802,ROLLER COVER 9IN B,28,01L03,,22,$22.15,$32.16,25,$739.68,$185.93,07/18/2026,07/14/2026,01/21/2026
4093553,DRYWALL ANCHORS 50CT A,11,01L02,,7,$16.39,$31.65,10,$291.18,$127.28,08/01/2026,05/18/2026,11/21/2025
4635154,INTERIOR LATEX GAL A,16,01L01,,33,$27.06,$45.39,88,$3674.77,$1293.49,08/06/2026,06/28/2026,07/25/2026
1472361,WOOD SCREWS #8 1LB A,13,EC01,,16,$2.99,$4.72,25,$108.56,$33.81,,07/10/2026,02/23/2026
7058156,SANDPAPER ASST 220 B,31,EC01,,15,$17.54,$32.58,0,$0.00,$0.00,07/06/2026,08/19/2024,09/03/2025
8015875,HEX BOLTS 1/4IN A,37,05R05,,34,$20.70,$33.57,81,$2501.64,$824.94,06/27/2026,05/31/2026,01/25/2026
7571464,FURNACE FILTER 16X25 B,6,05R05,,19,$7.35,$12.43,20,$228.71,$81.71,05/21/2026,02/07/2026,01/02/2026
3720895,DECK STAIN GAL A,54,05R04,,5,$3.75,$7.29,73,$489.60,$215.85,06/07/2026,03/27/2026,06/26/2026
1526770,SMOKE ALARM B,59,05R04,,13,$30.37,$46.50,107,$4577.46,$1327.87,04/09/2026,06/11/2026,07/08/2025
4000223,CANDY BAR KING C,61,05R04,,7,$38.63,$53.71,97,$4793.08,$1045.97,04/23/2026,07/27/2026,05/03/2026
6564854,LIVE BAIT NIGHTCRAWLERS A,3,05R02,,13,$4.05,$6.35,117,$683.51,$209.66,03/26/2026,08/10/2026,09/28/2025
2090586,KEY BLANK KW1 B,5,05R02,,17,$31.86,$48.39,52,$2314.98,$658.26,03/28/2026,07/08/2026,03/11/2026
3348218,LIVE BAIT NIGHTCRAWLERS A,68,05R01,,47,$12.57,$20.99,61,$1177.96,$411.19,02/16/2026,02/23/2026,10/31/2025
5693387,EXTERIOR SEMI-GLOSS GAL B,30,05R01,,0,$3.03,$5.34,55,$270.20,$103.55,03/13/2026,07/23/2026,08/22/2025
7934463,SMOKE ALARM A,28,COLORCHIPS,,45,$13.80,$24.42,80,$1797.31,$693.31,,02/23/2026,06/03/2026
7372000,PVC ELBOW 3/4IN B,77,COLORCHIPS,,41,$16.44,$25.97,29,$692.88,$216.12,,05/31/2026,08/24/2025
4733864,PROPANE EXCHANGE A,33,04L09,,31,$15.23,$21.75,64,$1280.64,$305.92,02/26/2026,06/10/2026,11/17/2025
7138529,OUTLET DUPLEX 15A B,78,04L09,,4,$38.00,$53.92,90,$4464.58,$1044.58,05/28/2026,04/10/2026,02/19/2026
7398058,WATER 1L A,54,04L08,,23,$13.26,$25.84,65,$1545.23,$683.33,04/17/2026,08/03/2026,01/23/2026
1890705,TRASH BAGS 33GAL B,44,04L08,EC06,28,$23.21,$32.52,83,$2483.23,$556.80,06/01/2026,04/27/2026,02/08/2026
7772640,BALL VALVE 1/2IN C,23,04L08,,0,$3.23,$5.81,97,$518.48,$205.17,05/20/2026,04/08/2026,07/16/2026
2334065,OUTLET DUPLEX 15A A,56,04L07,,24,$9.56,$14.59,114,$1530.20,$440.36,06/19/2026,06/03/2026,03/19/2026
2589482,INTERIOR LATEX GAL B,24,04L07,,24,$39.15,$75.50,58,$4028.68,$1757.98,02/20/2026,02/10/2026,05/20/2026
8339573,KEY BLANK KW1 A,15,04L06,,6,$11.69,$19.30,40,$710.24,$242.64,02/23/2026,03/26/2026,07/15/2026
4942496,DRYWALL ANCHORS 50CT A,19,04L05,,27,$36.63,$56.18,69,$3566.31,$1038.84,02/07/2026,04/05/2026,09/21/2025
8528171,PVC ELBOW 3/4IN B,51,04L05,,0,$31.21,$48.03,17,$751.19,$220.62,02/18/2026,04/24/2026,01/19/2026
4831926,WATER 1L A,77,04L04,,43,$20.09,$37.55,6,$207.28,$86.74,04/02/2026,07/14/2026,11/04/2025
8360224,OUTLET DUPLEX 15A B,12,04L04,,48,$35.25,$56.93,117,$6127.95,$2003.70,04/06/2026,06/23/2026,10/26/2025
7587770,CABINET PULL SATIN A,51,04L03,,42,$16.89,$30.91,17,$483.43,$196.30,04/06/2026,07/29/2026,06/29/2026
2954559,WATER 1L B,78,04L03,,12,$36.30,$66.76,40,$2456.77,$1004.77,05/27/2026,07/30/2026,08/22/2025
5604849,FINISH NAILS 4D C,53,04L03,,17,$8.66,$15.42,10,$141.86,$55.26,06/07/2026,02/18/2026,05/16/2026
7354605,PVC ELBOW 3/4IN D,3,04L03,,12,$9.73,$13.67,7,$88.03,$19.92,03/26/2026,05/17/2026,04/08/2026
6042815,DOOR HINGE 3.5IN A,63,04L02,,0,$18.96,$27.39,101,$2545.08,$630.12,03/22/2026,06/15/2026,06/06/2026
3855770,ANT BAIT 6CT B,62,04L02,,15,$5.38,$8.24,45,$341.14,$99.04,05/11/2026,05/09/2026,03/16/2026
2962648,LIVE BAIT NIGHTCRAWLERS C,71,04L02,,19,$25.47,$35.64,47,$1541.07,$343.98,04/03/2026,05/15/2026,05/21/2026
3799266,CHIPS GRAB BAG A,10,04L01,,3,$18.97,$32.25,35,$1038.45,$374.50,02/14/2026,03/24/2026,09/21/2025
3883220,GRILL BRUSH 18IN B,62,04L01,,15,$12.65,$22.50,38,$786.60,$305.90,02/05/2026,04/21/2026,08/07/2026
5386115,HEX BOLTS 1/4IN C,16,04L01,,-3,$7.16,$12.76,66,$774.79,$302.23,05/31/2026,07/03/2026,09/24/2025
3559559,BRUSH SET 3PC A,37,EC04,,25,$8.66,$14.22,80,$1046.59,$353.79,05/12/2026,05/10/2026,05/09/2026
5101682,WIRE NUTS 25CT B,78,EC04,,13,$22.89,$44.01,94,$3805.98,$1654.32,03/17/2026,06/30/2026,01/16/2026
2647269,WEATHERSTRIP 17FT C,40,EC04,,13,$2.93,$4.12,59,$223.63,$50.76,02/15/2026,05/06/2026,04/17/2026
7670879,FAUCET REPAIR KIT D,22,EC04,,27,$12.42,$21.91,19,$382.99,$147.01,03/16/2026,07/29/2026,07/20/2025
8627380,WATER 1L A,48,STW13,,48,$3.87,$6.45,0,$0.00,$0.00,11/09/2024,05/14/2024,12/26/2025
5517334,WOOD SCREWS #8 1LB B,9,STW13,,41,$34.60,$54.06,78,$3879.35,$1180.55,01/18/2025,04/02/2026,01/19/2026
1463761,SCREWDRIVER SET 6PC C,75,STW13,,39,$13.47,$22.18,78,$1591.64,$540.98,04/23/2024,02/23/2026,11/23/2025
1269991,BRUSH SET 3PC A,10,STW12,,42,$30.89,$58.29,43,$2305.95,$977.68,03/03/2024,07/12/2026,07/30/2026
7235844,TEFLON TAPE B,56,STW12,,5,$32.75,$63.66,0,$0.00,$0.00,07/05/2024,12/11/2024,03/08/2026
1711471,INTERIOR LATEX GAL C,73,STW12,,5,$30.26,$55.35,96,$4888.51,$1983.55,09/09/2025,06/02/2026,05/12/2026
5480938,CHIPS GRAB BAG A,33,STW11,,34,$9.12,$14.34,43,$567.29,$175.13,08/21/2025,04/22/2026,02/24/2026
4688257,EXTERIOR SEMI-GLOSS GAL A,44,STW10,,46,$35.46,$69.02,93,$5905.35,$2607.57,,07/20/2026,08/17/2025
6533959,HEX BOLTS 1/4IN B,13,STW10,,-4,$35.56,$66.93,113,$6958.04,$2939.76,06/03/2025,03/31/2026,09/25/2025
8070251,MOUSE TRAP 2PK C,38,STW10,,17,$36.51,$56.97,0,$0.00,$0.00,10/15/2024,09/04/2024,06/26/2026
7942940,WIRE NUTS 25CT A,58,STW09,,31,$5.33,$8.84,19,$154.52,$53.25,06/01/2024,07/10/2026,04/20/2026
8188161,SUPER GLUE 4G A,2,STW08,,18,$14.22,$20.38,105,$1968.71,$475.61,12/18/2024,03/17/2026,11/11/2025
4337956,HEX BOLTS 1/4IN A,26,STW07,,5,$34.66,$48.52,110,$4910.22,$1097.62,,06/11/2026,05/11/2026
6923555,WATER 1L B,58,STW07,,-6,$3.94,$5.44,0,$0.00,$0.00,,07/20/2026,09/04/2025
8162008,SODA 20OZ C,38,STW07,,3,$10.03,$17.38,77,$1231.20,$458.89,,06/26/2026,12/04/2025
3363341,EXT CORD 25FT A,17,STW06,,13,$33.27,$60.00,49,$2704.80,$1074.57,08/07/2024,03/04/2026,06/18/2026
1822982,TAPE MEASURE 25FT B,39,STW06,,7,$28.58,$51.62,74,$3514.29,$1399.37,05/15/2024,06/03/2026,09/13/2025
6858730,JERKY ORIGINAL C,25,STW06,,48,$12.64,$17.49,60,$965.45,$207.05,01/11/2025,02/24/2026,08/12/2025
7695436,LEVEL 24IN D,74,STW06,EC09,29,$23.46,$42.90,0,$0.00,$0.00,07/16/2025,07/05/2025,02/03/2026
6012276,ZIP TIES 100CT A,56,STW04,,46,$12.48,$20.50,0,$0.00,$0.00,,01/30/2024,04/06/2026
5798530,WD-40 11OZ A,55,STW03,,11,$30.90,$57.69,0,$0.00,$0.00,11/23/2024,07/26/2025,06/05/2026
2817108,EXTERIOR SEMI-GLOSS GAL B,29,STW03,,31,$30.03,$46.91,32,$1381.03,$420.07,07/27/2025,03/18/2026,07/14/2025
2015532,ROLLER COVER 9IN C,4,STW03,EC07,34,$13.26,$24.27,89,$1987.23,$807.09,08/08/2024,05/04/2026,07/25/2025
1581153,SANDPAPER ASST 220 D,62,STW03,,48,$4.63,$6.87,0,$0.00,$0.00,11/10/2024,09/27/2024,03/19/2026
3848465,JERKY ORIGINAL A,60,STW02,,34,$9.13,$16.38,93,$1401.47,$552.38,05/20/2025,03/04/2026,07/01/2025
6555292,ANT BAIT 6CT B,38,STW02,,0,$28.36,$47.65,0,$0.00,$0.00,10/31/2024,06/20/2025,03/13/2026
4800494,BIRD SEED 20LB C,22,STW02,,43,$36.65,$66.53,0,$0.00,$0.00,06/30/2024,03/29/2024,04/27/2026
2406955,FLASHLIGHT 400LM A,58,STW01,,31,$6.09,$9.69,83,$739.93,$234.46,07/23/2025,04/26/2026,05/30/2026
6207277,JERKY ORIGINAL B,15,STW01,,28,$23.13,$37.87,56,$1951.06,$655.78,06/13/2024,03/30/2026,01/14/2026
8125609,SUMP PUMP 1/3HP C,61,STW01,EC01,16,$19.35,$36.67,82,$2766.38,$1179.68,04/02/2024,05/28/2026,06/19/2025
2051165,SANDPAPER ASST 220 A,29,PPL07,,37,$15.72,$29.77,112,$3067.50,$1306.86,09/30/2025,05/26/2026,12/03/2025
4791089,PADLOCK 40MM A,72,PPL06,EC09,46,$39.69,$68.63,73,$4609.19,$1711.82,11/12/2025,03/02/2026,10/01/2025
8313014,SHOP TOWELS 55CT B,15,PPL06,,1,$24.03,$44.89,81,$3345.20,$1398.77,04/02/2025,05/22/2026,09/03/2025
2628640,PELLETS HICKORY 20LB C,23,PPL06,,0,$12.69,$21.28,95,$1859.87,$654.32,04/27/2026,07/12/2026,06/01/2026
3479016,CHIPS GRAB BAG A,15,PPR05,,20,$36.34,$50.66,36,$1677.86,$369.62,05/11/2025,05/29/2026,12/06/2025
1442034,DOOR HINGE 3.5IN B,75,PPR05,,7,$21.54,$31.91,39,$1144.93,$304.87,06/15/2025,05/21/2026,11/06/2025
2130056,BIRD SEED 20LB A,34,PPR04,,23,$19.53,$32.87,17,$514.09,$182.08,08/31/2025,04/23/2026,05/01/2026
6762579,EXT CORD 25FT B,59,PPR04,,43,$31.64,$57.41,11,$580.99,$232.95,08/29/2025,05/18/2026,01/02/2026
1164585,WOOD SCREWS #8 1LB C,19,PPR04,,13,$23.56,$43.80,101,$4069.90,$1690.34,04/29/2025,03/21/2026,09/10/2025
5754855,SHOP TOWELS 55CT D,73,PPR04,,14,$38.61,$64.60,0,$0.00,$0.00,07/11/2025,07/04/2024,08/02/2026
4903721,BATTERIES AA 16PK A,63,PPR03,,13,$36.81,$53.37,102,$5008.24,$1253.62,09/09/2025,07/14/2026,08/09/2025
6344404,PELLETS HICKORY 20LB B,75,PPR03,,2,$27.77,$52.05,109,$5219.57,$2192.64,01/05/2026,06/29/2026,12/28/2025
6165277,WIRE NUTS 25CT C,1,PPR03,,0,$8.12,$12.21,115,$1291.82,$358.02,03/13/2026,05/15/2026,06/26/2026
2378288,SCREWDRIVER SET 6PC D,48,PPR03,,11,$25.03,$38.06,12,$420.18,$119.82,12/22/2025,02/01/2026,06/23/2026
5571154,GRASS SEED 3LB A,29,PPR02,,33,$13.16,$21.58,36,$714.73,$240.97,08/16/2025,05/05/2026,08/02/2025
5536920,POTTING MIX 25QT B,48,PPR02,,0,$2.57,$4.73,108,$469.97,$192.41,02/03/2026,07/21/2026,11/22/2025
7833358,WEATHERSTRIP 17FT A,32,PPR01,,37,$26.38,$46.45,92,$3931.53,$1504.57,08/12/2025,03/18/2026,04/12/2026
2157892,ANT BAIT 6CT B,23,PPR01,,26,$8.94,$13.45,88,$1088.91,$302.19,07/01/2025,02/19/2026,12/27/2025
7396933,SHOP TOWELS 55CT C,34,PPR01,,27,$22.02,$31.93,16,$470.01,$117.69,11/05/2025,04/19/2026,06/27/2026
2288912,KEY BLANK KW1 D,7,PPR01,,11,$34.04,$51.36,46,$2173.56,$607.72,02/25/2026,04/08/2026,11/19/2025
4972807,TEFLON TAPE A,67,PPL05,,22,$22.91,$42.18,88,$3414.89,$1398.81,11/19/2025,07/17/2026,12/24/2025
2258157,WOOD SCREWS #8 1LB A,14,PPL04,EC10,34,$28.02,$51.70,0,$0.00,$0.00,06/10/2025,06/08/2024,06/12/2026
3242128,OUTLET DUPLEX 15A B,67,PPL04,,0,$11.15,$17.77,0,$0.00,$0.00,06/29/2025,04/01/2024,11/28/2025
7086275,BATTERIES AA 16PK A,76,PPL03,,29,$33.40,$61.31,59,$3327.91,$1357.31,04/16/2025,08/05/2026,05/18/2026
1628509,TAPE MEASURE 25FT B,57,PPL03,,9,$30.27,$56.13,22,$1136.07,$470.13,09/16/2025,06/22/2026,10/26/2025
5357438,WEATHERSTRIP 17FT A,63,PPL02,,23,$33.90,$50.11,49,$2258.96,$597.86,12/21/2025,06/20/2026,06/13/2026
5937987,JERKY ORIGINAL B,17,PPL02,,3,$7.06,$12.32,36,$408.04,$153.88,03/02/2026,02/17/2026,01/23/2026
7081260,SUPER GLUE 4G C,37,PPL02,,12,$16.43,$28.87,114,$3027.89,$1154.87,11/12/2025,03/22/2026,11/16/2025
6424784,UTILITY KNIFE A,66,PPL01,,33,$37.76,$73.28,93,$6269.84,$2758.16,01/26/2026,03/27/2026,05/17/2026
1889847,WD-40 11OZ B,51,PPL01,,30,$37.15,$53.25,98,$4801.02,$1160.32,04/24/2026,07/29/2026,07/19/2026
6456032,INTERIOR LATEX GAL C,70,PPL01,,15,$18.65,$33.64,29,$897.52,$356.67,08/19/2025,05/03/2026,06/13/2026
4016622,INTERIOR LATEX GAL A,28,BAIT,,2,$18.40,$30.06,119,$3290.97,$1101.37,01/01/2026,02/24/2026,03/23/2026
8324916,MOUSE TRAP 2PK B,68,BAIT,,39,$16.03,$30.00,100,$2760.00,$1157.00,08/31/2025,01/31/2026,05/11/2026
7385262,PVC ELBOW 3/4IN A,4,STEC1,,8,$20.50,$28.69,80,$2111.58,$471.58,06/19/2025,06/10/2026,07/17/2026
1183215,BIRD SEED 20LB A,35,STMR1,,8,$34.41,$54.55,77,$3864.32,$1214.75,03/22/2026,06/20/2026,11/16/2025
1817347,BUG SPRAY DEET 6OZ B,14,STMR1,,20,$12.51,$18.55,13,$221.86,$59.23,03/14/2026,04/13/2026,08/06/2025
2592235,WD-40 11OZ C,41,STMR1,,16,$28.36,$45.68,44,$1849.13,$601.29,12/02/2025,06/26/2026,01/19/2026
3597831,KEY BLANK KW1 A,52,STMR2,,45,$26.24,$36.63,84,$2830.77,$626.61,,07/17/2026,06/25/2026
5407426,GRILL COVER 58IN B,13,STMR2,,26,$13.47,$25.11,110,$2541.13,$1059.43,07/04/2025,03/31/2026,08/02/2026
6814685,JERKY ORIGINAL C,76,STMR2,EC04,6,$20.08,$34.97,6,$193.03,$72.55,05/22/2025,06/12/2026,06/21/2025
1659612,GRASS SEED 3LB D,29,STMR2,,18,$28.04,$39.60,109,$3971.09,$914.73,05/24/2025,06/27/2026,10/15/2025
1282654,KEY BLANK KW1 A,60,STMR3,,36,$20.93,$35.40,43,$1400.42,$500.43,12/16/2025,07/12/2026,06/25/2025
4651045,FURNACE FILTER 16X25 B,67,STMR3,,9,$3.44,$4.79,68,$299.66,$65.74,12/15/2025,04/08/2026,12/10/2025
1239002,PAINTERS TAPE 1.88IN C,36,STMR3,,34,$25.20,$41.78,95,$3651.57,$1257.57,11/22/2025,07/05/2026,01/01/2026
1060365,GRASS SEED 3LB A,38,STML1,,0,$3.33,$6.42,94,$555.20,$242.18,12/28/2025,05/29/2026,07/21/2025
1400256,SODA 20OZ B,25,STML1,,3,$30.27,$51.52,3,$142.20,$51.39,11/14/2025,06/16/2026,03/04/2026
4799689,DUCT TAPE SILVER A,35,STML2,,0,$14.16,$23.64,20,$434.98,$151.78,04/03/2026,05/10/2026,04/07/2026
7235758,GRILL BRUSH 18IN B,34,STML2,,20,$25.03,$43.32,109,$4344.13,$1615.86,02/19/2026,02/21/2026,09/18/2025
5700989,BALL VALVE 1/2IN C,70,STML2,,-3,$8.65,$14.38,114,$1508.17,$522.07,05/12/2025,03/30/2026,09/19/2025
3743536,WEATHERSTRIP 17FT A,65,STML3,,41,$19.79,$37.48,16,$551.71,$235.07,,01/25/2026,08/07/2025
4993161,PVC ELBOW 3/4IN A,58,STEC2,,17,$36.88,$51.11,75,$3526.59,$760.59,12/22/2025,07/18/2026,09/16/2025
8601127,EXTERIOR SEMI-GLOSS GAL B,58,STEC2,,45,$13.72,$22.09,55,$1117.75,$363.15,06/27/2025,04/26/2026,05/15/2026
8957666,KEY BLANK KW1 C,32,STEC2,,37,$3.81,$6.64,60,$366.53,$137.93,04/06/2025,05/05/2026,05/16/2026
5086689,CLAW HAMMER 16OZ D,17,STEC2,,46,$10.47,$16.07,0,$0.00,$0.00,04/16/2026,04/08/2025,10/02/2025
5478845,FINISH NAILS 4D A,45,IMO05,,32,$6.35,$11.54,114,$1210.32,$486.42,05/29/2026,04/04/2026,03/16/2026
2042479,CHIPS GRAB BAG B,40,IMO05,,0,$25.61,$41.45,56,$2135.50,$701.34,04/13/2026,07/18/2026,06/18/2025
5484536,BALL VALVE 1/2IN A,71,IMO04,,27,$1.12,$1.59,40,$58.51,$13.71,07/13/2026,05/02/2026,05/16/2026
5415068,FAUCET REPAIR KIT B,31,IMO04,,42,$24.63,$41.91,111,$4279.85,$1545.92,06/22/2026,02/25/2026,07/24/2025
5643890,FURNACE FILTER 16X25 A,73,IMO03,,7,$28.44,$43.68,42,$1687.80,$493.32,05/03/2026,06/30/2026,09/13/2025
5614824,PROPANE EXCHANGE B,50,IMO03,,0,$39.29,$67.62,44,$2737.26,$1008.50,07/18/2026,08/07/2026,08/13/2025
3431717,TAPE MEASURE 25FT C,26,IMO03,,40,$2.47,$4.36,64,$256.72,$98.64,06/25/2026,04/03/2026,01/23/2026
2131185,EXT CORD 25FT A,73,IMO02,,0,$1.10,$1.60,98,$144.26,$36.46,03/27/2026,04/11/2026,03/15/2026
8934208,BUG SPRAY DEET 6OZ A,45,IMO01,,31,$38.63,$63.73,70,$4104.21,$1400.11,06/25/2026,01/25/2026,09/09/2025
4867330,PADLOCK 40MM B,74,IMO01,,26,$8.85,$12.48,104,$1194.09,$273.69,06/08/2026,03/12/2026,03/21/2026
7866392,SANDPAPER ASST 220 C,9,IMO01,,31,$14.42,$20.90,15,$288.42,$72.12,03/24/2026,05/01/2026,07/22/2026
4156722,KEY BLANK KW1 A,5,IMR04,,26,$37.71,$59.15,0,$0.00,$0.00,06/15/2026,05/13/2026,07/18/2025
1556424,HEX BOLTS 1/4IN B,65,IMR04,,24,$7.42,$10.54,117,$1134.53,$266.39,06/20/2026,06/27/2026,04/29/2026
1164037,MULCH CEDAR 2CF A,30,IMR03,,35,$9.91,$18.45,85,$1442.79,$600.44,04/15/2026,02/23/2026,06/19/2025
8482230,ZIP TIES 100CT B,3,IMR03,,20,$13.17,$21.23,10,$195.32,$63.62,03/18/2026,08/10/2026,01/23/2026
8277892,TEFLON TAPE A,19,IMR02,,10,$25.16,$40.36,73,$2710.58,$873.90,04/04/2026,01/28/2026,07/09/2026
2016310,CANDY BAR KING B,69,IMR02,,0,$2.09,$2.93,106,$285.73,$64.19,06/02/2026,03/25/2026,07/25/2025
5148818,FURNACE FILTER 16X25 A,76,IMR01,,8,$24.33,$41.56,9,$344.12,$125.15,03/20/2026,06/21/2026,11/16/2025
7523883,WATER 1L B,42,IMR01,,33,$13.84,$20.94,120,$2311.78,$650.98,06/26/2026,03/20/2026,09/10/2025
8275874,WATER 1L A,10,IMO06,,0,$33.61,$57.13,94,$4940.60,$1781.26,07/03/2026,04/03/2026,02/02/2026
7648551,POTTING MIX 25QT B,27,IMO06,,28,$25.56,$46.43,70,$2990.09,$1200.89,06/03/2026,02/23/2026,04/16/2026
3755752,WEATHERSTRIP 17FT A,7,IMR05,,16,$3.10,$5.20,48,$229.63,$80.83,06/18/2026,07/01/2026,01/05/2026
3710273,ROLLER COVER 9IN B,70,IMR05,,42,$10.42,$18.15,13,$217.07,$81.61,05/07/2026,04/02/2026,01/25/2026
1861936,BRUSH SET 3PC A,62,IMO07,,2,$6.25,$11.29,61,$633.59,$252.34,05/23/2026,04/09/2026,08/26/2025
5314672,TRASH BAGS 33GAL B,61,IMO07,,34,$36.35,$63.43,0,$0.00,$0.00,06/09/2026,04/24/2025,08/09/2025
2492037,BALL VALVE 1/2IN C,31,IMO07,,-3,$22.50,$41.59,0,$0.00,$0.00,04/25/2026,04/28/2026,01/16/2026
7845752,CHIPS GRAB BAG A,65,IMR06,,32,$28.19,$46.49,4,$171.08,$58.32,06/13/2026,03/25/2026,01/10/2026
1247153,LED BULB 60W 4PK B,39,IMR06,,38,$24.02,$45.21,43,$1788.51,$755.65,07/07/2026,05/26/2026,06/06/2026
7739925,CABINET PULL SATIN C,34,IMR06,,0,$1.07,$1.89,113,$196.48,$75.57,07/13/2026,06/20/2026,08/14/2025
2638167,JERKY ORIGINAL D,5,IMR06,,1,$24.71,$35.91,0,$0.00,$0.00,06/15/2026,07/06/2025,10/10/2025
7412085,WD-40 11OZ A,8,IML01,EC06,34,$3.91,$5.81,36,$192.43,$51.67,05/30/2026,02/21/2026,02/08/2026
7684937,BATTERIES AA 16PK B,44,IML01,,6,$32.08,$52.65,81,$3923.48,$1325.00,05/03/2026,07/12/2026,06/26/2026
7303674,ROLLER COVER 9IN C,9,IML01,,38,$33.41,$52.95,49,$2386.99,$749.90,04/16/2026,07/04/2026,11/27/2025
4295925,CHARCOAL 16LB A,39,IML09,,17,$39.47,$65.33,91,$5469.43,$1877.66,05/05/2026,05/04/2026,02/19/2026
6262309,SUMP PUMP 1/3HP B,67,IML09,,1,$29.39,$56.20,18,$930.67,$401.65,05/26/2026,07/16/2026,12/10/2025
3738435,INTERIOR LATEX GAL C,26,IML09,,48,$16.71,$30.71,87,$2458.03,$1004.26,05/03/2026,03/01/2026,07/01/2026
7653396,WOOD SCREWS #8 1LB A,37,IML04,,34,$39.44,$54.91,52,$2626.89,$576.01,05/03/2026,04/08/2026,10/30/2025
8332236,WIRE NUTS 25CT B,41,IML04,,0,$35.60,$49.34,83,$3767.60,$812.80,07/04/2026,02/06/2026,11/14/2025
1066165,LED BULB 60W 4PK C,77,IML04,,18,$21.82,$40.79,84,$3152.25,$1319.37,07/01/2026,04/05/2026,05/15/2026
4138718,TRASH BAGS 33GAL D,41,IML04,,2,$38.72,$63.85,0,$0.00,$0.00,06/23/2026,02/20/2025,06/25/2025
8628824,WEED KILLER CONC A,50,IML03,,12,$9.53,$13.80,49,$622.10,$155.13,,04/13/2026,06/15/2026
5929716,BATTERIES AA 16PK B,69,IML03,,30,$11.13,$17.04,100,$1567.68,$454.68,04/03/2026,02/03/2026,08/24/2025
3182483,SHOP TOWELS 55CT C,69,IML03,,24,$36.10,$56.51,36,$1871.61,$572.01,06/07/2026,01/26/2026,09/03/2025
2399294,POTTING MIX 25QT A,52,IML02,,11,$26.84,$38.83,120,$4286.83,$1066.03,06/23/2026,08/06/2026,07/19/2025
1028356,ANT BAIT 6CT B,26,IML02,,22,$11.08,$17.94,81,$1336.89,$439.41,03/29/2026,05/20/2026,07/13/2025
1391024,JERKY ORIGINAL C,53,IML02,,43,$39.99,$77.73,62,$4433.72,$1954.34,07/18/2026,02/06/2026,11/15/2025
4700596,JERKY ORIGINAL A,9,IML05,,36,$31.95,$55.40,53,$2701.30,$1007.95,06/19/2026,08/02/2026,11/12/2025
2794825,WEATHERSTRIP 17FT A,62,IML06,,21,$27.63,$43.30,119,$4740.48,$1452.51,05/03/2026,03/28/2026,08/01/2025
1735635,WIRE NUTS 25CT A,32,IML07,,37,$10.75,$15.08,56,$776.92,$174.92,06/06/2026,03/24/2026,01/26/2026
6344968,PADLOCK 40MM B,46,IML07,,22,$7.95,$12.14,21,$234.54,$67.59,06/19/2026,01/24/2026,04/15/2026
3470449,BATTERIES AA 16PK A,66,BEV01,,21,$38.57,$64.38,59,$3494.55,$1218.92,04/16/2026,02/04/2026,07/13/2026
8577217,BIRD SEED 20LB B,24,BEV01,,32,$19.08,$34.51,12,$380.99,$152.03,05/06/2026,06/27/2026,08/26/2025
1889584,SANDPAPER ASST 220 C,18,BEV01,,30,$36.54,$58.84,24,$1299.19,$422.23,05/04/2026,02/04/2026,09/27/2025
2046619,WOOD SCREWS #8 1LB D,42,BEV01,,30,$28.03,$41.22,31,$1175.59,$306.66,06/19/2026,04/06/2026,07/12/2026
4169947,DOOR HINGE 3.5IN A,77,REG,,34,$8.85,$13.56,84,$1047.92,$304.52,07/17/2026,06/22/2026,05/13/2026
7789735,GRASS SEED 3LB B,66,REG,,24,$31.67,$53.99,0,$0.00,$0.00,07/16/2026,10/17/2024,06/24/2026
7618063,PADLOCK 40MM C,38,REG,,1,$9.81,$17.20,102,$1614.05,$613.43,04/12/2026,03/14/2026,05/15/2026
4128960,TRASH BAGS 33GAL D,64,REG,,45,$36.41,$52.68,53,$2568.68,$638.95,06/27/2026,05/15/2026,04/14/2026
6296821,BUG SPRAY DEET 6OZ E,44,REG,,10,$19.28,$36.63,116,$3909.15,$1672.67,04/27/2026,04/19/2026,11/08/2025
5703087,SANDPAPER ASST 220 F,49,REG,,9,$16.02,$26.38,99,$2402.69,$816.71,03/21/2026,02/09/2026,01/03/2026
1955720,MOUSE TRAP 2PK A,58,BBEC3,,32,$18.55,$25.43,18,$421.12,$87.22,01/11/2025,08/11/2026,04/04/2026
4079064,WOOD SCREWS #8 1LB B,73,BBEC3,,13,$3.14,$4.90,55,$247.94,$75.24,06/11/2025,07/03/2026,01/17/2026
8670465,LIVE BAIT NIGHTCRAWLERS A,56,BB2L1,,16,$10.60,$16.94,51,$794.82,$254.22,08/07/2025,02/10/2026,06/27/2026
8400949,WEATHERSTRIP 17FT B,75,BB2L1,,47,$24.71,$42.91,22,$868.50,$324.88,01/10/2026,03/17/2026,07/18/2026
7106706,SMOKE ALARM C,16,BB2L1,,48,$5.11,$9.51,42,$367.47,$152.85,09/20/2025,07/02/2026,11/21/2025
6223752,TRASH BAGS 33GAL D,67,BB2L1,,8,$2.15,$3.52,97,$314.12,$105.57,10/21/2025,04/20/2026,08/27/2025
3356548,FLASHLIGHT 400LM A,76,BB2L2,,25,$36.21,$68.42,8,$503.57,$213.89,11/18/2024,04/20/2026,12/10/2025
3224439,GRASS SEED 3LB A,35,BB2L3,,19,$21.75,$38.70,100,$3560.40,$1385.40,12/03/2025,02/12/2026,03/26/2026
4698353,CLAW HAMMER 16OZ B,25,BB2L3,,36,$10.44,$19.41,31,$553.57,$229.93,,02/08/2026,07/26/2025
2400545,SANDPAPER ASST 220 C,17,BB2L3,,18,$27.01,$48.09,29,$1283.04,$499.75,10/20/2025,01/24/2026,09/19/2025
8766527,CABINET PULL SATIN D,41,BB2L3,,37,$12.76,$22.01,19,$384.73,$142.29,07/16/2025,05/02/2026,03/08/2026
6081051,DUCT TAPE SILVER A,12,BB2R1,,26,$30.69,$45.13,113,$4691.71,$1223.74,10/24/2025,07/29/2026,02/22/2026
7359227,ROLLER COVER 9IN B,14,BB2R1,,0,$0.91,$1.46,30,$40.30,$13.00,06/17/2025,05/31/2026,02/15/2026
2449923,SUPER GLUE 4G C,21,BB2R1,,22,$12.68,$17.90,57,$938.68,$215.92,11/05/2024,04/26/2026,09/09/2025
1260722,PAINTERS TAPE 1.88IN D,32,BB2R1,,12,$22.19,$42.05,0,$0.00,$0.00,07/05/2025,04/24/2025,05/16/2026
8649420,SUPER GLUE 4G A,11,BB2R2,,17,$11.06,$16.31,52,$780.27,$205.15,03/21/2025,05/22/2026,05/12/2026
1548552,INTERIOR LATEX GAL B,74,BB2R2,,16,$14.65,$27.30,92,$2310.67,$962.87,04/23/2025,02/14/2026,06/28/2025
4986503,LEVEL 24IN C,71,BB2R2,,-5,$35.58,$51.21,51,$2402.77,$588.19,09/27/2025,08/07/2026,09/09/2025
5007607,WIRE NUTS 25CT D,3,BB2R2,,15,$4.13,$5.74,0,$0.00,$0.00,11/02/2025,11/27/2024,09/09/2025
8054950,WEED KILLER CONC A,65,BB2R3,,29,$15.87,$28.28,13,$338.23,$131.92,,04/27/2026,12/01/2025
5179436,PAINTERS TAPE 1.88IN B,40,BB2R3,,7,$15.20,$25.59,100,$2354.28,$834.28,,02/15/2026,08/05/2025
5556312,ANT BAIT 6CT A,50,BBEC4,,27,$31.07,$43.33,3,$119.59,$26.38,10/30/2025,06/17/2026,07/12/2026
1054619,BRUSH SET 3PC B,13,BBEC4,,6,$19.46,$29.76,61,$1670.13,$483.07,09/25/2025,07/22/2026,03/18/2026
4149904,BUG SPRAY DEET 6OZ C,43,BBEC4,,31,$21.65,$38.45,13,$459.86,$178.41,11/03/2025,01/25/2026,02/06/2026
4394668,GRASS SEED 3LB D,6,BBEC4,,42,$37.63,$61.79,114,$6480.54,$2190.72,01/16/2025,03/14/2026,07/17/2025
6432237,WEATHERSTRIP 17FT A,68,BBEC1,,0,$20.78,$29.99,9,$248.32,$61.30,12/03/2025,06/22/2026,01/18/2026
3387723,SMOKE ALARM B,78,BBEC1,,29,$19.36,$30.32,18,$502.10,$153.62,12/14/2024,01/24/2026,09/28/2025
7031313,FAUCET REPAIR KIT A,32,BB1L1,,27,$37.22,$56.92,40,$2094.66,$605.86,01/29/2026,03/06/2026,07/31/2025
1665376,CHIPS GRAB BAG B,74,BB1L1,,36,$26.28,$51.23,96,$4524.63,$2001.75,08/14/2025,04/09/2026,05/14/2026
8558965,GRASS SEED 3LB A,24,BB1L2,,48,$1.34,$1.99,0,$0.00,$0.00,04/27/2025,07/16/2024,05/14/2026
7438221,SODA 20OZ B,38,BB1L2,,48,$9.76,$17.72,106,$1728.05,$693.49,02/14/2025,03/05/2026,08/10/2025
7455271,ICE MELT 20LB C,8,BB1L2,,36,$16.09,$27.64,112,$2848.03,$1045.95,04/20/2025,07/15/2026,06/26/2025
3113296,LED BULB 60W 4PK D,25,BB1L2,,31,$19.50,$27.32,103,$2588.84,$580.34,09/21/2025,03/24/2026,07/27/2025
2428980,WEED KILLER CONC A,60,BB1L3,,2,$21.50,$31.11,86,$2461.42,$612.42,03/26/2025,02/15/2026,11/10/2025
5587411,CABINET PULL SATIN B,35,BB1L3,,32,$23.37,$42.34,99,$3856.33,$1542.70,11/11/2025,05/12/2026,03/24/2026
2197537,WATER 1L C,53,BB1L3,EC12,45,$1.78,$2.45,5,$11.27,$2.37,02/06/2025,04/19/2026,06/23/2025
1212986,CANDY BAR KING A,76,BB1L4,,4,$2.29,$3.58,22,$72.46,$22.08,04/21/2025,07/24/2026,08/01/2026
6717703,FINISH NAILS 4D B,4,BB1L4,,10,$8.72,$16.77,24,$370.28,$161.00,10/01/2025,03/05/2026,11/03/2025
7289787,WEED KILLER CONC C,11,BB1L4,,2,$18.67,$36.02,91,$3015.59,$1316.62,12/07/2025,05/08/2026,10/12/2025
8529913,TAPE MEASURE 25FT D,65,BB1L4,,21,$1.33,$2.32,65,$138.74,$52.29,02/09/2026,03/06/2026,07/20/2025
5123749,PROPANE EXCHANGE A,15,BB1R1,,16,$38.63,$59.68,103,$5655.28,$1676.39,01/07/2025,05/22/2026,09/02/2025
3121375,JERKY ORIGINAL B,28,BB1R1,,19,$37.66,$61.43,0,$0.00,$0.00,01/16/2025,05/19/2025,10/09/2025
7946583,CHIPS GRAB BAG A,48,BB1R2,,47,$8.38,$14.61,116,$1559.18,$587.10,09/07/2025,05/08/2026,11/28/2025
2704222,FURNACE FILTER 16X25 B,76,BB1R2,,10,$23.16,$39.53,62,$2254.79,$818.87,11/18/2024,05/04/2026,12/27/2025
2136688,LIVE BAIT NIGHTCRAWLERS C,63,BB1R2,,29,$12.12,$17.73,0,$0.00,$0.00,11/15/2024,03/05/2024,05/06/2026
5273999,BALL VALVE 1/2IN A,4,BB1R3,,13,$24.33,$38.18,0,$0.00,$0.00,09/26/2025,03/21/2024,07/24/2025
6220913,SHOP TOWELS 55CT B,49,BB1R3,,16,$23.00,$39.21,74,$2669.42,$967.42,07/04/2025,02/16/2026,10/04/2025
8753189,FURNACE FILTER 16X25 C,33,BB1R3,,0,$32.71,$58.27,77,$4127.85,$1609.18,02/01/2025,05/22/2026,07/02/2026
8456117,SANDPAPER ASST 220 A,15,BB1R4,,6,$26.99,$44.42,111,$4536.17,$1540.28,11/12/2024,02/23/2026,10/17/2025
5103082,MOUSE TRAP 2PK B,26,BB1R4,,24,$7.32,$11.29,0,$0.00,$0.00,10/19/2025,12/02/2024,07/18/2026
5004957,INTERIOR LATEX GAL C,10,BB1R4,,35,$33.08,$59.43,88,$4811.45,$1900.41,04/14/2025,05/03/2026,12/19/2025
3419411,UTILITY KNIFE A,17,BBEC2,,11,$14.56,$26.74,70,$1722.06,$702.86,03/11/2025,05/26/2026,08/23/2025
5755698,PELLETS HICKORY 20LB B,2,BBEC2,,37,$17.30,$24.30,113,$2526.23,$571.33,09/03/2025,07/20/2026,02/19/2026
1365143,WD-40 11OZ A,4,GRILL,,8,$38.38,$52.72,102,$4947.24,$1032.48,02/07/2026,01/24/2026,08/29/2025
7398456,DOOR HINGE 3.5IN B,8,GRILL,,0,$38.79,$67.79,17,$1060.24,$400.81,03/13/2026,02/11/2026,07/04/2026
1359295,DRYWALL ANCHORS 50CT C,40,GRILL,,31,$23.49,$39.43,58,$2103.98,$741.56,08/12/2025,05/27/2026,05/24/2026
1376816,TEFLON TAPE D,11,GRILL,,0,$36.84,$53.45,54,$2655.40,$666.04,,06/19/2026,06/21/2026
7953394,WATER 1L E,44,GRILL,,42,$13.64,$19.38,5,$89.15,$20.95,03/11/2025,03/11/2026,07/03/2025
4271777,LEVEL 24IN F,47,GRILL,,37,$31.62,$54.46,47,$2354.85,$868.71,04/10/2025,06/29/2026,07/29/2026
8753477,MOUSE TRAP 2PK G,39,GRILL,,0,$9.45,$14.00,105,$1352.40,$360.15,03/31/2025,05/02/2026,09/14/2025
1456414,LIVE BAIT NIGHTCRAWLERS H,41,GRILL,,5,$7.57,$13.99,29,$373.25,$153.72,02/16/2026,07/09/2026,04/21/2026
4943289,SHOP TOWELS 55CT A,1,BBW01,,48,$18.35,$25.74,92,$2178.63,$490.43,02/21/2025,03/26/2026,05/29/2026
2724606,PAINTERS TAPE 1.88IN A,60,BBW02,,45,$10.94,$18.24,89,$1493.49,$519.83,02/28/2025,05/21/2026,09/22/2025
7270282,FAUCET REPAIR KIT B,4,BBW02,,44,$2.04,$3.43,36,$113.60,$40.16,05/19/2025,08/08/2026,04/03/2026
1800933,EXTERIOR SEMI-GLOSS GAL C,60,BBW02,,20,$33.05,$50.96,0,$0.00,$0.00,02/27/2025,04/18/2025,11/10/2025
4614792,ROLLER COVER 9IN D,13,BBW02,,34,$22.88,$32.79,82,$2473.68,$597.52,04/14/2025,02/21/2026,08/05/2025
6845419,DUCT TAPE SILVER A,69,BBW03,,31,$6.52,$10.53,86,$833.13,$272.41,01/18/2025,08/04/2026,07/18/2025
4561899,MULCH CEDAR 2CF B,50,BBW03,,0,$36.46,$67.63,101,$6284.18,$2601.72,12/03/2025,07/23/2026,01/02/2026
7490622,SUMP PUMP 1/3HP C,60,BBW03,,0,$18.85,$26.43,37,$899.68,$202.23,07/23/2025,05/17/2026,12/19/2025
2137042,CHIPS GRAB BAG A,36,BBW04,,25,$35.65,$57.09,64,$3361.46,$1079.86,08/16/2025,03/03/2026,02/07/2026
5060938,CHARCOAL 16LB A,51,BBW05,,18,$3.74,$6.89,18,$114.10,$46.78,02/01/2026,04/29/2026,06/19/2026
7903978,SUMP PUMP 1/3HP B,47,BBW05,,12,$35.25,$55.19,23,$1167.82,$357.07,10/03/2025,02/10/2026,03/24/2026
7757795,PVC ELBOW 3/4IN A,6,BBW06,,40,$11.27,$15.43,78,$1107.26,$228.20,12/16/2024,01/24/2026,01/10/2026
8594216,PAINTERS TAPE 1.88IN B,63,BBW06,,15,$39.70,$65.24,57,$3421.19,$1158.29,03/06/2025,03/19/2026,01/23/2026
4296728,MOUSE TRAP 2PK C,46,BBW06,,0,$10.49,$19.81,34,$619.66,$263.00,08/31/2025,04/25/2026,03/01/2026
3647681,PROPANE EXCHANGE D,71,BBW06,,42,$6.35,$10.96,67,$675.57,$250.12,01/23/2026,04/29/2026,09/03/2025
7626993,CHARCOAL 16LB A,37,BBW07,,43,$28.67,$39.68,82,$2993.46,$642.52,11/03/2024,02/14/2026,05/11/2026
6366633,CLAW HAMMER 16OZ B,77,BBW07,,48,$19.17,$32.00,80,$2355.20,$821.60,12/30/2024,05/16/2026,10/22/2025
3002908,WOOD SCREWS #8 1LB C,51,BBW07,,36,$5.44,$9.97,29,$266.00,$108.24,10/05/2025,03/16/2026,11/18/2025
2222867,CLAW HAMMER 16OZ D,11,BBW07,,28,$21.35,$40.81,17,$638.27,$275.32,10/26/2025,07/06/2026,03/19/2026
6260731,SUPER GLUE 4G A,65,BBW08,,29,$13.85,$21.71,112,$2237.00,$685.80,12/17/2025,07/24/2026,07/04/2026
7399006,CLAW HAMMER 16OZ A,73,BBW10,,2,$2.01,$3.92,3,$10.82,$4.79,01/19/2025,03/03/2026,05/22/2026
6450228,PAINTERS TAPE 1.88IN A,28,BBW11,,39,$17.20,$32.84,16,$483.40,$208.20,04/27/2025,03/18/2026,03/28/2026
7878631,BATTERIES AA 16PK B,46,BBW11,,43,$9.98,$15.02,52,$718.56,$199.60,02/26/2026,07/07/2026,09/29/2025
1286341,LEVEL 24IN C,63,BBW11,,8,$33.64,$65.21,108,$6479.27,$2846.15,04/28/2025,05/18/2026,11/04/2025
4133960,FURNACE FILTER 16X25 A,17,BBW19,,16,$26.92,$41.28,53,$2012.81,$586.05,11/03/2024,07/11/2026,10/05/2025
5571099,WD-40 11OZ B,42,BBW19,,15,$20.05,$38.10,56,$1962.91,$840.11,04/20/2025,03/28/2026,07/12/2025
6108162,DOOR HINGE 3.5IN C,54,BBW19,,30,$23.09,$31.69,78,$2274.07,$473.05,03/02/2025,04/29/2026,06/16/2026
7361392,LIVE BAIT NIGHTCRAWLERS D,23,BBW19,,17,$7.09,$12.84,96,$1134.03,$453.39,01/09/2025,05/24/2026,04/04/2026
1367899,CLAW HAMMER 16OZ A,5,BBW18,,43,$27.10,$50.44,56,$2598.67,$1081.07,,05/08/2026,11/28/2025
1164217,GRASS SEED 3LB B,78,BBW18,,39,$12.38,$21.74,25,$500.02,$190.52,06/21/2025,05/13/2026,07/07/2026
4319967,CHIPS GRAB BAG C,7,BBW18,,1,$27.33,$49.75,6,$274.62,$110.64,04/21/2025,07/13/2026,05/12/2026
7623247,TEFLON TAPE A,18,BBW17,,11,$29.62,$47.92,85,$3747.34,$1229.64,,04/20/2026,07/15/2026
6312862,BUG SPRAY DEET 6OZ B,24,BBW17,,0,$17.45,$31.90,115,$3375.02,$1368.27,,08/10/2026,02/08/2026
5770329,SCREWDRIVER SET 6PC A,36,BBW16,,45,$6.88,$11.67,23,$246.94,$88.70,01/26/2025,07/16/2026,04/10/2026
5975463,TEFLON TAPE A,15,BBW15,,25,$4.80,$8.00,114,$839.04,$291.84,02/12/2025,07/12/2026,08/01/2025
4343198,DOOR HINGE 3.5IN A,73,BBW14,,10,$27.85,$50.27,36,$1664.94,$662.34,12/05/2025,08/04/2026,04/15/2026
6163722,ROLLER COVER 9IN B,67,BBW14,,21,$3.85,$5.83,21,$112.64,$31.79,01/23/2026,06/05/2026,03/11/2026
5306816,GRILL BRUSH 18IN A,1,BBW13,,-2,$5.83,$10.77,25,$247.71,$101.96,02/07/2026,01/31/2026,03/14/2026
2545869,BIRD SEED 20LB B,71,BBW13,,30,$19.08,$35.19,18,$582.75,$239.31,03/06/2025,04/27/2026,03/22/2026
8046483,INTERIOR LATEX GAL C,12,BBW13,,45,$18.99,$30.45,117,$3277.64,$1055.81,10/16/2025,07/03/2026,08/21/2025
4255941,WIRE NUTS 25CT D,50,BBW13,,5,$17.64,$31.92,11,$323.03,$128.99,01/31/2025,05/28/2026,02/05/2026
2580044,WIRE NUTS 25CT A,73,BBW12,,6,$1.40,$2.14,14,$27.56,$7.96,04/11/2025,08/06/2026,03/06/2026
4401571,DOOR HINGE 3.5IN B,38,BBW12,,6,$37.50,$57.21,69,$3631.69,$1044.19,02/20/2025,08/07/2026,03/14/2026
2153834,TAPE MEASURE 25FT A,4,BBW20,EC01,0,$24.86,$42.80,0,$0.00,$0.00,10/06/2025,06/10/2026,07/04/2025
7102301,CHARCOAL 16LB B,15,BBW20,,30,$22.59,$36.43,4,$134.06,$43.70,08/19/2025,02/25/2026,05/14/2026
4840823,UTILITY KNIFE C,65,BBW20,,46,$1.24,$2.07,0,$0.00,$0.00,07/01/2025,08/11/2026,04/04/2026
5200821,RECEIVING CAGE STOCK,12,RECV,,4,$12.99,$19.99,2,$36.78,$10.80,06/28/2025,07/13/2026,07/31/2026
1875061,OUTBUILDING OVERSTOCK,31,OUTBLDG,,9,$8.49,$14.99,0,$0.00,$0.00,,12/20/2024,10/16/2025
6094996,MYSTERY BAY ITEM,9,13R99,,1,$5.00,$9.99,1,$9.19,$4.19,01/24/2026,05/14/2026,06/13/2026
5488959,SLOPPY LOCATION SPELLING,44,13r-5a,,(3),$2.19,$4.49,7,$28.91,$13.58,03/30/2025,06/28/2026,07/23/2026
